title,href,article
"[단독] 크래프톤·한화, 피지컬 AI 합작사 설립",https://n.news.naver.com/mnews/article/011/0004598795?sid=105,"
크래프톤 SW 역량·한화 제조 인프라 결합크래프톤, 한화 6700억 사모펀드도 참여



CI크래프톤(259960)과 한화가 ‘피지컬 인공지능(AI)’ 시장 공략을 위해 손을 맞잡는다. 가상현실(VR)·AI·로보틱스 등의 분야에 강점을 지닌 크래프톤과 로봇·우주항공 등 실물 기반 기술을 갖춘 한화에어로스페이스(012450)의 역량을 결합해 피지컬 AI 선도 기업으로 도약하겠다는 구상이다.12일 업계에 따르면 크래프톤과 한화에어로스페이스는 조만간 합작법인(JV) 설립을 위한 업무협약(MOU)을 체결할 예정이다. 미래 핵심 산업으로 떠오른 피지컬 AI를 둘러싸고 글로벌 기술 패권 경쟁이 치열해지는 가운데 양 사의 강점을 융합해 강력한 시너지를 창출하겠다는 복안이다. 특히 독자적인 기술 노선만으로는 글로벌 빅테크 기업들에 맞서기 어렵다는 양 사의 이해관계와 위기의식이 맞아떨어지면서 이번 협력이 성사됐다.이와 함께 크래프톤은 한화그룹이 전사 차원에서 조성하는 대규모 대체투자 펀드에 재무적투자자(FI)로도 나선다. 한화자산운용이 올해 1분기 중 결성하는 6700억 원 규모의 사모펀드에 크래프톤이 출자자로 참여하는 방안을 검토 중이다. 해당 펀드의 자금은 미국을 비롯한 전 세계 AI 및 로봇 기술 스타트업 투자에 쓰일 것으로 전망된다.업계 관계자는 “AI 연구 영역에 특화된 크래프톤의 소프트웨어 역량과 방산을 비롯한 한화에어로스페이스의 탄탄한 제조업 인프라가 만나 피지컬 AI 분야에서 막대한 시너지를 낼 것으로 기대된다”고 말했다.
"
"크래프톤·한화, 합작법인 만든다…방산 피지컬 AI 사업화",https://n.news.naver.com/mnews/article/003/0013819667?sid=105,"
크래프톤·한화에어로스페이스 JV 설립 위한 업무협약 체결크래프톤, 한화자산운용 펀드에 투자…10억 달러 규모



[서울=뉴시스] 크래프톤, 한화 CI. *재판매 및 DB 금지[서울=뉴시스]이주영 기자 = 크래프톤이 한화에어로스페이스와 손잡고 방위산업 등에서 피지컬 인공지능(AI) 기술 공동 개발 및 사업화를 추진한다고 12일 밝혔다.양사는 이날 피지컬 AI 기술 공동 개발과 합작법인(JV) 설립 등을 위한 업무협약을 체결했다. 이번 협력은 크래프톤의 AI 연구 역량과 소프트웨어 개발 기술에 더해 한화그룹이 보유한 방위산업 및 제조업 분야의 산업 인프라를 결합해 추진된다.크래프톤이 축적해 온 데이터 운영 경험과 가상환경 기반 시뮬레이션 기술은 피지컬 AI의 학습과 검증 과정을 고도화하는 핵심 자원이 된다. 이를 토대로 실제 환경에서 작동하는 피지컬 AI 기술의 완성도를 높이고 현장 적용을 위한 실증을 단계적으로 추진할 계획이다.협약에 따라 양사는 ▲피지컬 AI 핵심 기술 공동 연구개발 ▲실증 및 적용 시나리오 검토 ▲기술 및 운영 체계 구축 등의 과제를 단계적으로 추진한다. JV 설립을 추진해 공동 개발 성과의 현장 적용과 사업화로 신속히 연결하고 중장기 협력 체계를 강화해 나갈 방침이다.크래프톤은 한화자산운용이 조성한 펀드에도 투자자로 참여한다. 해당 펀드는 AI, 로보틱스, 방위산업 분야에 중점 투자하며 목표 결성 규모는 10억 달러(약 1조4800억원)다. 유망 기술 및 기업에 대한 투자를 통해 피지컬 AI 생태계 확장과 기술 경쟁력 강화를 도모한다.펀드를 기반으로 핵심 밸류체인 전반에서 성장 잠재력이 높은 파트너를 발굴하고 공동 개발 및 사업화로 연계해 나갈 예정이다.김창한 크래프톤 대표는 ""크래프톤의 AI 기술력과 소프트웨어 운영 역량을 한화의 현장 기반 역량에 결합해 실제 환경에서 작동하는 기술 개발을 가속화하겠다""며 ""향후 한화와 JV를 설립해 공동 개발 성과를 사업화까지 연결하고 JV를 안두릴과 같은 글로벌 방산 기술 기업으로 성장시키겠다""고 전했다.손재일 한화에어로스페이스 대표는 ""AI 기술이 산업을 넘어 방산 분야에서 활용되는 피지컬 AI로 빠르게 성장하고 있다""며 ""크래프톤과 협력을 통해 피지컬 AI와 미래 방산 분야에서 새로운 기술 패러다임 기준을 만들겠다""고 했다.한편 크래프톤은 AI 원천기술 역량과 게임산업에서 축적한 강점을 기반으로, 중장기 신사업 영역인 피지컬 AI 연구를 지속적으로 추진해오고 있다. 지난해 미국에 로보틱스 연구법인 ‘루도 로보틱스(Ludo Robotics)’를 설립한 데 이어, 올해 2월에는 한국 법인도 설립했다. 한국 법인은 이강욱 크래프톤 CAIO가 이끌고 있다. 크래프톤은 CAIO 조직을 중심으로 피지컬 AI 기술 전략을 전개하고 있다. 루도 로보틱스를 통한 로보틱스 연구와 한화그룹과 추진하는 JV 기반의 실증 및 사업화를 양 축으로 삼아 관련 시너지를 확대해 나갈 방침이다．
"
"[단독] 쿠팡맨·배민라이더, AI 전환에 취약…“대규모 실업 가능성”",https://n.news.naver.com/mnews/article/005/0001837007?sid=101,"
IT·디자인 업계는 20대 고용 감소25~29세 소프트웨어 개발자 일자리 급감“AI 전환에 따른 선제적 개입 필요”



‘쿠팡맨’과 ‘배민라이더’ 같은 배달 플랫폼 노동이 인공지능(AI) 확산과 자동화로 인한 경기 침체 시 대규모 실업에 노출될 가능성이 높다는 국책연구기관의 분석이 나왔다. 배송 업무가 단순·반복 작업 비중이 높아 드론·자율주행 등 기술로 대체되기 쉽고, 플랫폼 노동 특성상 고용 안정성이 낮아 기업이 인건비 절감을 위해 가장 먼저 줄일 수 있다는 이유에서다.13일 국민일보가 입수한 산업연구원의 ‘고용영향 사전평가 2025 AI·디지털전환’ 보고서에 따르면 택배기사와 배달 라이더처럼 플랫폼을 통해 배달 서비스를 제공하는 직무는 AI 확산에 따라 향후 고용이 크게 감소할 가능성이 높은 것으로 나타났다. 배송·운송 업무는 절차가 비교적 표준화돼 있고 단순·반복 작업 비중이 높아 드론, 자율주행 로봇 발달 기술이 적용되기 쉬운 분야이기 때문이다.물류 산업 전반의 고용 축소로 이어질 가능성도 높다. 대형 물류 기업은 AI·로봇 자동화 도입으로 신규 채용이 줄어들 수 있고, 대규모 AI 투자가 진행되는 만큼 저숙련 단순 노무 노동자들의 직무 전환 압박이 커질 수 있다. 반면 중소 물류 기업은 디지털 전환에 투자할 여력이 부족해 대기업 대비 경쟁력이 약화하면서 경영 악화와 고용 축소로 이어질 가능성이 높다.



서울 시내 한 쿠팡 물류센터에서 직원이 물품을 옮기는 모습. 이한형 기자보고서는 이 같은 AI 디지털 전환 배경에 기업의 인건비 절감 전략이 있다고 분석했다. 보고서에 따르면 기업들이 디지털 전환 기술을 도입하는 핵심 목적 중 1위는 ‘인력(인건비) 절감’이었다. 자동화 기술이 생산성 향상뿐 아니라 인력 비용을 줄이는 수단으로 활용되면서 기업이 기존 노동을 기술로 대체하려는 유인이 커지고 있다는 설명이다.이미 온라인 쇼핑 확대와 물류 자동화가 빠르게 진행된 운수·창고업은 최근 고용 규모가 감소세로 전환되고 있다. 택배, 퀵서비스 등을 포함하는 소화물 전문 운송업은 생성형 AI가 등장한 2023년 이후 고용이 62% 하락하며 종사자 수 규모가 절반 이하로 크게 축소됐다. 화물차를 이용한 도로화물 운송업 역시 고용이 19% 하락했다. 보고서는 “운수 창고업은 전 업종 가운데 고용 감소 규모가 가장 크게 나타날 가능성이 높다”고 전망했다. IT 업계는 20대 고용 감소 두드러져 기술 변화의 직격탄을 맞은 IT·디자인 업계에서는 20대 청년층의 고용 감소가 전체 일자리 하락을 주도한 것으로 분석됐다. 보고서는 생성형 AI 확산 이후 고용이 감소한 일부 IT 업종과 광고·디자인 업계를 AI에 따른 일자리 대체가 진행 중인 산업군으로 지목했다. 실제 취업 입문기로 분류되는 25~29세 소프트웨어 개발자 일자리는 지난해 8월 기준 약 3년 새 1만개 가까이 감소했다. 반면 다른 연령대는 같은 기간 증가하거나 감소 폭이 크지 않았다.디자인·광고기획 관련 직업군에서도 비슷한 흐름이 나타났다. 전체 고용 감소가 나타난 직종 가운데 20대 연령층의 고용 하락 폭이 가장 두드러지면서 사실상 감소세를 주도한 것으로 분석됐다. 보고서는 “고용 감소 시점도 2023년 중반으로, 30대 고용이 과거와 비슷한 속도로 증가하는 것과 달리 20대 고용은 하락세를 보이고 있다”고 설명했다.보고서는 “AI가 보조적 지식노동을 빠르게 대체하며 신규 채용 수요를 줄이고 있지만 정부 정책은 여전히 인재 양성과 재교육 중심에 머물러 있다”며 “빅테크 기술 독점과 일자리 축소라는 시장 실패에 대응하기 위해 AI 전환에 대한 국가 차원의 선제적 개입이 필요하다”고 지적했다.
		"
"노동행정도 AI로…노동부, 산재 예측 모델 첫 공개",https://n.news.naver.com/mnews/article/421/0008823975?sid=101,"
노동부 AX 세미나 개최…산재 위험 사업장 선별 정확도 52% 향상



ⓒ 뉴스1 김기남 기자(세종=뉴스1) 나혜윤 기자 = 고용노동부가 인공지능(AI)을 활용해 산업재해 예방과 노동행정 효율화에 나선다. 노동부는 13일 '우리 노동부 인공지능 전환(AX) 세미나'를 열고 산재 위험 사업장을 예측하는 인공지능(AI) 모델과 공무원이 직접 개발한 행정 혁신 사례를 공개했다.노동부에 따르면 노동행정인공지능혁신과가 인공지능(AI) 코딩 에이전트인 클로드 코드와 코덱스를 활용해 직접 만든 산재 예측 인공지능(AI) 초기 모델은 300만 개 사업장의 산재와 감독 이력 등 데이터를 학습했으며 사고 확률이 높은 상위 0.6%(1.9만개)의 위험 사업장을 정밀하게 선별한다.이를 통해 노동부는 선별된 사업장에 한정된 산재 예방 인력과 예산을 집중하면 산재를 효과적으로 감축할 수 있을 것으로 기대 중이다. 산재 예측 AI 초기 모델은 행정의 책임성과 투명성을 확보하기 위해 특정 사업장을 선정한 이유를 논리적으로 제시할 수 있도록 '설명가능한 인공지능(Explainable AI)'으로 만들어졌다.산재 예측 인공지능(AI) 초기 모델의 성능 평가 결과, 인간이 산재 이력 등을 바탕으로 점수를 부여해 중점 관리 대상 사업장을 정하는 방식에 비해 예측 성능을 52% 향상시킬 수 있는 것으로 나타났다.2024년 12월 기준으로 활용 가능한 데이터만으로 300만 개 사업장 중 1만 9000개를 선정할 때, 인간이 고른 사업장에서는 2025년에 193만 일의 근로손실일수가 발생한 반면 인공지능(AI)이 선별한 사업장에서는 101만 일 많은 294만 일이 발생한 것이다.현장 공무원이 실무 효율을 높이기 위해 직접 개발한 도구들도 공개됐다. 강민 부산청 노동감독관이 개발한 '사운드라이터(SoundWriter)'는 수사 과정에서 확보한 방대한 통화 녹음 파일을 인공지능(AI)이 즉시 텍스트로 변환해주는 도구다. 이를 통해 감독관은 사건 실체를 빠르게 파악하여 노동자의 권익을 신속히 구제할 수 있다.한이송 서울서부고용센터 주무관은 구직자의 이력과 직무 역량을 바탕으로 체계적인 서류 작성을 지원하는 '인공지능(AI) 자기소개서 생성기'를 개발해 현장 업무에 적용하고 있다. 구직자가 수십 개 기업에 설득력 있는 맞춤형 자기소개서를 제출하도록 도와야 하는 직업상담 공무원 동료들의 호평을 받았다.노동부는 산재 예측 인공지능(AI) 초기 모델의 실무 적용 가능성을 정밀하게 검토하고 예측 성능을 고도화하는 한편, 임금체불 위험 사업장을 선제적으로 관리하기 위한 '임금체불 예측 인공지능' 개발에도 본격 착수한다. 또 현장의 우수한 개발 사례가 전국으로 확산될 수 있도록 공무원에게 인공지능 코딩 에이전트 지원과 교육을 확대할 방침이다. 김영훈 노동부 장관은 일상 언어로 영세사업장을 위한 일터 안전 점검 웹사이트를 제작하는 '바이브 코딩'을 시연하며 공무원 누구나 국민에게 유용한 소프트웨어를 만드는 미래 행정 모델을 제시했다.김영훈 장관은 ""모든 직원이 능수능란하게 AI를 활용하여 임금체불 사건을 최대한 빨리 해결하고, 산재 취약 사업장에는 족집게처럼 컨설팅과 예산을 지원할 수 있도록 '우리 노동부'의 인공지능 전환에 박차를 가하겠다""라고 강조했다.
		"
크래프톤이 게임AI 넘어 피지컬AI로 보폭 넓히는 이유,https://n.news.naver.com/mnews/article/293/0000080845?sid=105,"




/챗GPT의 도움을 받아 제작한 그래픽입니다.크래프톤이 게임 인공지능(AI)을 넘어 피지컬AI로 보폭을 넓히고 있다. 그간 게임 개발과 운영 과정에서 축적한 AI 기술과 가상환경 기반 시뮬레이션 역량을 실제 산업 현장으로 확장하겠다는 구상이다. 한화에어로스페이스와의 전략적 동맹은 이 같은 방향 전환이 연구 단계를 넘어 사업화 국면으로 진입하고 있음을 보여준다.합작법인 설립 후 사업화까지 고려크래프톤은 13일 한화에어로스페이스와 피지컬AI 기술 공동 개발과 합작법인 설립 추진을 위한 업무협약(MOU)을 체결했다고 밝혔다. 양사는 방위산업을 포함한 제조 현장 전반에서 활용 가능한 피지컬AI 기술을 함께 개발한다. 이후 이를 실증과 사업화로 연결하는 중장기 협력 체계를 구축하기로 했다.피지컬AI는 소프트웨어 안에서만 작동하는 생성형 AI와 달리 로봇, 무인체계, 자동화 설비처럼 실제 물리 환경에서 움직이는 시스템에 적용되는 AI를 뜻한다. 크래프톤이 이 시장에 주목하는 배경에는 게임 산업에서 쌓아온 데이터 운영 경험과 시뮬레이션 기술이 있다. 복잡한 가상환경에서 반복 학습·검증하는 역량이 현실 환경에서 작동하는 AI의 완성도를 높이는 데 유효하다는 판단이다.특히 크래프톤은 방대한 이용자 데이터 처리, 실시간 상호작용 설계, 대규모 가상환경 구현 등 게임 산업 특유의 기술 자산을 피지컬AI의 학습·검증 체계로 전환할 수 있다고 보고 있다. 한화그룹의 방산·제조 인프라와 결합하면 연구개발에 그치지 않고 실제 현장 적용까지 이어질 수 있다는 계산도 깔려 있다.10억달러 펀드 조성이번 협력의 핵심은 단순한 공동 연구를 넘어 합작법인 설립과 투자까지 연결된다는 점이다. 양사는 핵심 기술 공동 연구개발, 실증 시나리오 검토, 운영 체계 구축을 단계적으로 추진한다. 이후 합작법인을 통해 개발 성과를 현장에 신속히 적용할 계획이다. 크래프톤은 여기에 한화자산운용이 조성한 글로벌 AI·로보틱스·방위산업 펀드에도 투자자로 참여한다. 목표 결성 규모는 10억달러(약 1조5000억원)다.



/구글 제미나이의 도움을 받아 시각화하고 기자가 최종 검토·확인해 제작한 그래픽입니다. 그래픽에 포함된 데이터와 내용은 기자가 직접 취재한 결과물입니다.이는 크래프톤이 피지컬AI를 단일 기술 프로젝트가 아니라 생태계 투자와 밸류체인 확보가 필요한 신사업으로 보고 있다는 의미로 읽힌다. 유망 기술과 기업 투자, 공동 개발, 사업화를 하나의 축으로 묶어 시장 진입 속도를 높이려는 전략이다.김창한 크래프톤 대표가 합작법인을 두고 ""안두릴과 같은 글로벌 방산 기술 기업""으로 키우겠다고 밝힌 대목도 같은 맥락이다. 미국 방산 스타트업 안두릴처럼 소프트웨어 중심 기술 기업이 방산 시장의 새로운 플레이어가 되는 모델을 염두에 둔 것이다.크래프톤은 이미 미국 샌프란시스코에 AI 로보틱스 기업 루도로보틱스를 설립하고, 김창한 대표가 직접 최고경영자(CEO)를 맡고 있다. 크래프톤 AI본부를 이끌어온 이강욱 최고인공지능책임자(CAIO)는 루도로보틱스 최고기술책임자(CTO)와 한국법인 대표를 겸하고 있다.크래프톤은 정부가 추진하는 독자AI파운데이션 모델 프로젝트에도 SK텔레콤 주도의 정예팀 핵심 멤버로 참여하고 있다. 독자AI파운데이션 모델 프로젝트는 한국형 '국가대표 AI'를 만들기 위해 개발 전 과정을 국내 역량으로 수행하도록 설계한 국가주도 개발사업이다. 이 과정에서 크래프톤은 피지컬AI 분야 학습까지 염두에 둔 파운데이션 모델 고도화에도 힘을 싣고 있다. 업계 한 관계자는 ""게임사는 가상환경에서 AI를 학습시키고 검증하는 데 강점이 있고 피지컬AI는 이런 역량을 현실 세계로 옮겨올 수 있는 대표적 분야""라며 ""크래프톤 입장에서는 게임 산업 성장 둔화 가능성에 대비해 AI를 차세대 성장축으로 키우겠다는 의도가 깔린 것""이라고 말했다.
		"
"""SK하이닉스, AI 메모리 수요 급증 최대 수혜…목표가 170만원""-KB",https://n.news.naver.com/mnews/article/015/0005261808?sid=101,"




지난달 20일 경기도 용인시 처인구 원삼면 용인반도체클러스터 일반산업단지 공사현장이 분주하다.  /사진=연합뉴스KB증권은 13일 SK하이닉스에 대해 ""인공지능(AI) 메모리 반도체 수요 급증의 최대 수혜 기업""이라며 목표주가를 기존 140만원에서 170만원으로 상향 조정했다. 투자의견 '매수'는 유지했다.이 증권사 김동원 리서치본부장은 ""올 1분기 영업이익은 전년 동기 대비 4.2배 증가한 31조원으로 추정되고 2분기 또한 40조원으로 예상돼 어닝 서프라이즈가 기대된다""며 ""이는 1분기 D램과 낸드 가격 상승률이 전분기 대비 각각 47%와 44%로 지난해 4분기 상승률을 크게 웃돌 것으로 전망하기 때문""이라고 분석했다.이어 ""특히 올해 낸드 영업이익은 기업용 솔리드스테이트드라이브(eSSD) 수요 확대와 함께 엔비디아 '루빈' AI 플랫폼에 신규 채택되는 저장장치 공급 증가에 힘입어 전년 대비 14배 증가할 것으로 추정된다""며 ""이에 따라 올해 영업이익은 177조원으로 전년 대비 약 4배 증가할 전망""이라고 내다봤다.그는 ""최근 글로벌 서버 고객사들은 가격과 무관하게 메모리 물량 확보에 집중하고 있다""며 ""이에 따라 AI 데이터센터 업체들이 전체 D램과 낸드 출하량의 60% 이상을 흡수하고 있는 상황""이라고 짚었다.또 ""더욱이 글로벌 빅테크 기업들은 추론 AI 성능의 급격한 향상과 오는 2030년 범용인공지능(AGI) 시대에 대비한 피지컬 AI 시장 진입을 위해 AI 인프라 투자를 2배 이상 확대하고 있다""며 ""물량과 가격을 동시에 보장하는 3~5년 장기공급계약 체결이 빠르게 증가하고 있어 향후 실적 추정치 상향 가능성도 높다""고 봤다.그러면서 ""결국 SK하이닉스는 올해 고성장 국면에 진입했음에도 현재 주가는 주가수익비율(PER) 4.3배 수준에 머물러 있다""며 ""지금은 SK하이닉스가 대표적인 고성장 가치주로 재평가될 가능성이 높은 시점""이라고 덧붙였다.
"
"파운데이션 모델 경쟁 접은 NC AI, 게임 시장 공략…'산업 AI'로 승부 건...",https://n.news.naver.com/mnews/article/092/0002414251?sid=105,"
게임 개발 지원 체계 구축…바르코 플랫폼 중심 버티컬 AI 사업 확대독자 인공지능(AI) 파운데이션 모델 경쟁에서 한 발 물러난 NC AI가 산업 특화 AI 전략에 속도를 내고 있다. 게임 개발을 시작으로 패션 등 콘텐츠 산업 전반으로 AI 적용 범위를 확대하며 버티컬 AI 플랫폼 사업에 무게를 두는 모습이다.NC AI는 자사 게임 개발 AI 서비스 '바르코 게임 AI(VARCO Game AI)'를 기반으로 게임 제작부터 시장 검증, 퍼블리싱 협력까지 이어지는 지원 체계를 구축한다고 13일 밝혔다. AI 기술을 활용해 개발 비용과 제작 시간을 줄이고 유망 프로젝트를 발굴해 글로벌 서비스로 연결하는 선순환 구조를 만들겠다는 전략이다.



NC AI가 '바르코 게임 AI'를 기반으로 모바일 게임 제작 선순환 생태계 구축에 나선다. (이미지=NC AI)이번 전략의 핵심은 중소 및 인디 개발사를 대상으로 한 단계별 지원 프로그램이다. 바르코 게임 AI를 활용해 개발된 게임이 앱스토어 등 주요 플랫폼에 정식 출시될 경우 장려금 형태로 마케팅 비용을 지원한다. 초기 이용자 확보와 인지도 확산에 필요한 비용 부담을 완화해 개발사의 시장 안착을 돕기 위한 조치다.출시 이후 일정 수준 이상의 성과를 거둔 게임에는 NC 모바일 캐주얼 센터를 활용한 심층 마켓 테스트 기회가 제공된다. NC가 축적해 온 게임 운영 데이터와 분석 노하우를 기반으로 실제 서비스 환경에 가까운 테스트와 분석을 지원해 게임 완성도를 높인다는 계획이다.마켓 테스트를 통해 시장 경쟁력을 입증한 프로젝트에는 퍼블리싱 협력 가능성도 열어뒀다. 내부 심사를 거쳐 NC의 글로벌 퍼블리싱 역량과 마케팅 인프라를 활용할 수 있는 전략적 파트너십 기회를 제공한다는 방침이다.NC AI는 모바일 게임 산업이 직면한 구조적 문제를 해결하기 위한 방안으로 AI 기반 제작 효율 혁신을 제시하고 있다. 모바일 게임 시장은 개발 기간 장기화와 리소스 제작 비용 증가로 중소 개발사의 부담이 커지고 있는 상황이다.바르코 게임 AI는 3D 애셋 생성, 사운드 및 보이스 생성, 번역 등 게임 개발 전 과정에 필요한 AI 기능을 통합 제공하는 제작 솔루션이다. 이를 통해 리소스 제작 시간을 줄이고 개발자가 게임 기획과 플레이 경험 설계 등 핵심 영역에 집중할 수 있도록 지원한다.업계에선 이번 전략을 NC AI가 추진하고 있는 산업 특화 AI 사업 확대 흐름과 연결해 보고 있다. NC AI는 게임뿐 아니라 패션 산업용 생성형 AI 서비스 등 콘텐츠 제작 분야를 중심으로 '바르코' 기반 AI 솔루션을 확장하고 있다. 이는 범용 AI 모델 경쟁이 글로벌 빅테크 중심으로 재편되는 상황에서 특정 산업에 특화된 AI 플랫폼을 구축해 차별화된 시장을 공략하려는 전략으로 분석된다.NC AI는 장기적으로 바르코 플랫폼을 중심으로 게임과 패션 등 다양한 콘텐츠 산업에서 제작 효율을 높이고 새로운 창작 생태계를 구축한다는 목표다.이연수 NC AI 대표는 ""창의적인 아이디어를 가진 개발자들이 시장에 도전할 수 있는 기회를 넓히는 것이 중요해지고 있다""며 ""개발자가 제작 과정의 부담을 줄이고 실험과 도전에 집중할 수 있는 환경을 만들어 지속 가능한 개발 생태계를 구축하겠다""고 말했다.
"
"[AI픽] 네이버클라우드·코난테크놀로지, 국방·제조 특화 AI 협력",https://n.news.naver.com/mnews/article/001/0015956779?sid=105,"
LLM·피지컬 AI 공동 개발 추진



네이버클라우드, 코난테크놀로지와 국방·제조 특화 AI 협력 추진(서울=연합뉴스) 네이버클라우드와 코난테크놀로지가 '국방·제조 특화 LLM 및 피지컬 AI 협력'을 위한 업무협약을 체결한 뒤 기념 사진 촬영에 나선 김영섬 코난테크놀로지 대표(왼쪽)와 김유원 네이버클라우드 대표. 2026.3.13 [네이버클라우드 제공. 재판매 및 DB 금지]    (서울=연합뉴스) 한상용 기자 = 네이버클라우드는 AI 소프트웨어 전문기업 코난테크놀로지와 '국방·제조 특화 LLM(대형언어모델) 및 피지컬 AI 협력'을 위한 업무협약(MOU)을 체결했다고 13일 밝혔다.    이번 협력은 보안과 전문성이 필수적인 국방·제조 도메인에 최적화된 AI 모델을 설계하고, 산업 현장의 자동화와 지능화를 위한 피지컬 AI 기술 적용 방안을 구체화하는 차원에서 추진됐다.    두 회사는 이를 계기로 국방·제조 도메인에 특화된 데이터와 모델을 함께 개발하는 등 AI 핵심 분야에서 기술 협력 방안을 모색하기로 했다.    더 나아가 LLM과 피지컬 AI 기술을 결합해 실질적 산업 디지털 전환을 지원하고 양사 간 기술적 접점을 찾아 공동 사업을 추진하기로 했다.    김유원 네이버클라우드 대표는 ""국방과 제조 산업에 특화된 LLM과 피지컬 AI 기술을 결합한 새로운 AI 협력 모델을 만들어갈 것""이라고 말했다.    김영섬 코난테크놀로지 대표도 ""국산 AI 기술력을 결집해 피지컬 AI 기반 산업 지능화의 최적안을 제시하겠다""고 강조했다.     gogo213@yna.co.kr
"
"李대통령 ""국민주권 정부니까 가능…AI전환 신속 추진""",https://n.news.naver.com/mnews/article/277/0005733739?sid=100,"
이 대통령, 13일 AI 전환 사업 관련 SNS 메시지이재명 대통령은 13일 ""있는 힘을 다 모아 산업 인공지능 전환을 신속하게 추진하겠다""고 말했다.이 대통령은 이날 자신의 엑스(X·옛 트위터)에 정부가 AI 전환(AX) 사업을 통합 공고한다는 내용의 기사를 공유하며 이같이 밝혔다.



연합뉴스과학기술정보통신부, 산업통상자원부, 중소벤처기업부는 오는 19일 4320억원 규모의 AX 사업을 통합 공고할 방침이다. 이 대통령은 ""칸막이가 사라진 국민주권 정부니까 가능한 일""이라고 설명했다.그러면서 ""위대한 대한민국, 힘내자!""라고 썼다.이 대통령은 지난해 9월 말 국무회의에서도 ""부처 칸막이를 없애는 것이 이번 정부의 최대 과제""라고 강조한 바 있다.한편 이 대통령은 같은 날 자신의 엑스에 군 복무 기간 전체를 국민연금 가입 기간으로 인정하는 정책을 소개하며 ""약속은 지킵니다. 국민주권 정부""라고 언급했다.보건복지부는 올해 상반기 국민연금법을 개정해 이같은 방안을 시행할 예정이다. 현재는 군 복무의 최대 12개월까지만 국민연금 가입 기간으로 인정된다.
"
"과기정통·산업·중기부, 4320억 규모 AI전환 사업 통합 공고",https://n.news.naver.com/mnews/article/003/0013817590?sid=105,"
3개 부처 올해 주요 AX 사업 통합 공고…주요 AX 사업 쉽게 확인19일 공고, 25일 공동설명회 개최…4월엔 지역 AX 사업 합동 공고



[서울=뉴시스] 과기정통부와 산업부, 중기부가 올해 주요 AX 사업을 통합 공고하고 기업 대상 설명회를 개최한다. (사진=과기정통부 제공) *재판매 및 DB 금지[서울=뉴시스]심지혜 기자 = 과학기술정보통신부, 산업통상자원부, 중소벤처기업부가 산업 인공지능(AI) 전문기업과 제조기업의 AI전환(AX) 사업 참여 환경 개선을 위해 공동 대응한다. 과기정통부와 산업부, 중기부는 올해 주요 AX 사업을 통합 공고하고 기업 대상 설명회를 개최한다고 12일 밝혔다. 이번 공고하는 사업은 4320억원 규모로 ▲AI 에이전트 ▲AI 응용제품 신속 상용화 지원 ▲산업AI 솔루션 실증·확산 ▲AI 통합 바우처 ▲AI 가상융합 ▲스마트공장 등 각 부처에서 추진하는 11개 사업이 포함된다. 우선 3개 부처는 올해부터 부처별로 장점을 살린 AI 에이전트 사업을 신규로 추진한다. 과기정통부는 공공성 및 국민 효능감이 높은 분야에 대한 에이전틱 AI 핵심기술을 확보한다. 산업부는 기업 수요를 반영하여 제조 현장에서 AI 에이전트의 도입 필요성이 높은 핵심 과업을 대상으로 AI 에이전트를 개발·실증한다. 중기부는 중소 제조특화 및 소비자 밀착 분야에 집중하며, 비정형 작업 대응력 강화를 위한 다중 AI 에이전트 기술개발을 지원한다. 이와 함께 AI와 관련한 국민 체감 성과를 빠르게 낼 수 있는 ‘AI 응용제품 신속 상용화 지원(AX-Sprint)’ 신규 사업을 3개 부처가 각각 추진한다. 과기정통부는 국민의 생활과 밀접한 분야와 네트워크 및 보안 등의 분야를 중심으로 AI를 융합한다. 산업부는 제조설비점검 로봇·가전 등 제조 현장 및 일상에서 자주 사용하는 제품에 AI를 적용하고, 중기부는 중소 제조 현장에서 공정혁신을 위한 AI 응용 솔루션을 보급·확산할 계획이다. 주요 산업·제조 AX 사업도 함께 공고한다. 과기정통부는 AI와 가상융합기술을 접목해 AI 서비스 개발 및 실증을 지원하는 ‘AI 가상융합 산업혁신 프로젝트’와 AI 기술·클라우드·데이터 등을 바우처 형태로 지원하는 ‘AI 바우처’ 사업을 진행한다. 산업부는 산업 AI 솔루션을 제조 현장에 바로 적용하여 즉시 성과를 체감할 수 있는 ‘산업 AI 솔루션 실증·확산 지원’ 사업을 지난해에 이어 올해도 실시한다. 중기부는 중소·중견기업을 대상으로 사업장에 특화된 AI를 지원하는 스마트공장 사업을 공고한다. 통합 공고는 오는 19일 이뤄진다. 이후 25일에는 공동 사업설명회를 열고 내용 설명과 질의응답, 기업 네트워킹을 진행할 예정이다. 지역에 위치한 기업들도 참여할 수 있도록 공동 설명회를 유튜브로도 생중계한다.이밖에 3개 부처는 오는 4월, 적정성 검토가 종료되는 지역 AX 사업도 합동 공고할 예정이다.
"
"한솔PNS, 'AW 2026' 참가…제조산업 특화 AI 플랫폼 소개",https://n.news.naver.com/mnews/article/001/0015956547?sid=105,"




한솔PNS '임팩토 AI 아틀라스'[한솔 제공. 재판매 및 DB 금지](서울=연합뉴스) 강태우 기자 = 한솔PNS는 지난 4일부터 사흘간 서울 강남구 코엑스에서 열린 '스마트공장·자동화산업전 2026(AW 2026)'에 참가했다고 13일 밝혔다.    한솔PNS는 이번 전시에서 '인공지능(AI) 내재형 제조'를 콘셉트로 제조 데이터를 분석하고, 공정 최적화 인사이트를 제공하는 제조산업 특화 AI 플랫폼 '임팩토 AI 아틀라스'를 선보였다.    임팩토 AI 아틀라스는 한솔PNS가 운영 중인 데이터수집솔루션(EIS/DPS), 제조실행솔루션(MES), 품질관리솔루션(QMS), 설비관리솔루션(PAM), 환경안전보건솔루션(ESH) 등 각 제조 공정별 IT 설루션과 연계해 맞춤형 AI 인사이트를 제공한다.    한솔PNS는 ""임팩토 AI 아틀라스가 제조 산업현장의 AX(AI 전환) 촉진에 핵심적인 역할을 할 것으로 기대한다""며 ""제조산업에 특화된 AI 기술을 바탕으로 고객의 생산 경쟁력 향상을 위해 노력하겠다""고 말했다.    burning@yna.co.kr
"
"정재헌 SKT CEO ""통신사 넘어 AI 인프라 설계자로""",https://n.news.naver.com/mnews/article/001/0015956991?sid=105,"
MWC26서 풀스택 AI 전략 공개…데이터센터·모델·서비스 통합



정재헌 SKT CEO, MWC26서 'AI 네이티브 혁신전략 발표'(서울=연합뉴스) 정재헌 SK텔레콤 대표이사 사장이 1일(현지시간) MWC26이 열리는 스페인 바르셀로나에서 기자간담회를 개최, AI 인프라의 재편과 대규모 투자 계획을 포함한 'AI 네이티브' 혁신 전략을 발표하고 있다. 2026.3.2 [SK텔레콤 제공. 재판매 및 DB 금지] photo@yna.co.kr    (서울=연합뉴스) 박형빈 기자 = 정재헌 SK텔레콤 최고경영자(CEO)는 스페인 바르셀로나에서 열린 세계 최대 이동통신 전시회 'MWC26'를 계기로 인공지능(AI)이 소프트웨어를 넘어 인프라 주도권 경쟁 단계로 확장되고 있다고 진단했다.    정 CEO는 13일 사내 뉴스룸에 게재한 글에서 최근 중앙 첨탑 공사를 마친 바르셀로나 사그라다 파밀리아 성당을 언급하며 ""이번 MWC 현장은 전 세계 정보통신기술(ICT) 리더들이 모여 'AI 성당'이라는 거대한 시대적 건축물을 어떻게 완성할지 치열하게 논의하는 자리였다""고 밝혔다.    그는 ""이제 통신사는 단순한 데이터 전달자를 넘어 인프라를 직접 설계하고 운영하는 'AI 인프라 설계자'가 돼야 한다""며 SK텔레콤이 AI 데이터센터(DC)와 AI 모델, 서비스까지 아우르는 '풀스택 AI 제공자' 전략을 추진하고 있다고 설명했다.    SK텔레콤은 이번 MWC에서 글로벌 서버 제조사 슈퍼마이크로, 에너지 관리 기업 슈나이더일렉트릭과 AI 데이터센터 협력을 위한 업무협약(MOU)을 체결했다. 싱텔, 이앤(e&), NTT 등 글로벌 통신사와는 데이터 주권을 고려한 '소버린 AI 패키지'를 공동으로 선보였다.    성과도 이어졌다. SK텔레콤의 GPU 클러스터 '해인'은 MWC의 글로벌 모바일 어워드(GLOMO)에서 '최고의 클라우드 솔루션' 부문을 수상했다. 약 5천억 파라미터 규모의 자체 AI 파운데이션 모델 'A.X K1'도 글로벌 관람객들의 관심을 받았다고 정 CEO는 전했다.    정 CEO는 특히 스타트업과의 협력 필요성을 강조했다.     그는 ""대기업의 인프라와 자원을 개방하고 스타트업의 유연한 창의성을 결합하는 시도는 국가 AI 주권을 지키고 글로벌 경쟁력을 키우기 위한 필수적인 선택""이라고 밝혔다.    AI 시대에 대응하기 위한 조직 변화 의지도 강조했다. 그는 ""SK텔레콤은 AI로의 대전환(AX)을 단순한 기술 도입이 아닌 기업 근간의 체질 변화로 정의할 것""이라며 ""SK텔레콤이 이어온 이동통신 역사의 단단한 토대 위에 AI라는 새로운 역사를 만들어가겠다""고 덧붙였다.    binzz@yna.co.kr
"
"[특징주] 크래프톤, 한화에어로와 피지컬AI 합작사 추진에 강세",https://n.news.naver.com/mnews/article/001/0015956843?sid=101,"




크래프톤 로고지난 달 독일에서 열린 게임쇼 '게임스컴' 부스의 크래프톤 로고. 2024.9.23 [연합뉴스 자료사진](서울=연합뉴스) 고은지 기자 = 크래프톤이 한화에어로스페이스와 피지컬 인공지능(AI) 분야에서 협력한다는 소식에 강세를 나타내고 있다.    이날 오전 10시 28분 현재 크래프톤은 전장보다 8.63% 오른 24만5천500원에 거래되고 있다.    크래프톤과 한화에어로스페이스는 이날 AI 기술 공동 개발과 합작법인(JV) 설립 등을 위한 업무협약(MOU)을 체결했다.    협약에 따라 양사는 ▲ 피지컬 AI 핵심 기술 공동 연구개발 ▲ 실증 및 적용 시나리오 검토 ▲ 기술·운영 체계 구축 등의 과제를 단계적으로 추진한다.     아울러 JV를 설립해 공동 개발의 성과를 현장 적용과 사업화로 신속히 연결하고, 중장기 협력 체계를 강화해 나갈 방침이다.    eun@yna.co.kr
"
"폴라리스오피스, 오픈AI 맞손…美 AI 헬스케어 공략",https://n.news.naver.com/mnews/article/092/0002414314?sid=105,"
미 의료정보보호법 충족 데이터 처리 환경 구축폴라리스오피스가 오픈AI 손잡고 글로벌 인공지능(AI) 헬스케어 시장 공략에 나섰다.폴라리스오피스는 오픈AI와 사업 제휴 계약(BAA)을 체결하고 미국 의료정보보호법(HIPAA) 기준을 충족하는 의료 데이터 처리 환경을 구축한다고 13일 밝혔다.BAA는 미국 의료기관과 헬스케어 기업이 환자의 민감한 의료 정보(PHI)를 외부 기업과 공유할 때 체결해야 하는 법적 보안 계약이다. 이번 계약으로 폴라리스오피스는 의료와 제약 데이터를 법적 리스크 없이 처리할 수 있는 기반을 마련했다.



폴라리스오피스 기업로고. (사진=폴라리스오피스)폴라리스오피스는 AI 문서 분석 기술과 오픈AI 거대언어모델(LLM)을 결합해 미국 헬스케어 시장 진입 요건을 충족했다. 이를 통해 글로벌 헬스케어와 제약 산업을 대상으로 한 AI 솔루션 사업을 확대할 계획이다.이번 협력 핵심 솔루션은 산업 특화 AI 서비스 '애스크닥 포 파마'다. 이 솔루션은 폴라리스오피스 문서 AI 기술과 계열사 폴라리스AI파마의 제약 바이오 산업 전문성을 결합해 공동 개발됐다.애스크닥 포 파마는 신약 개발과 임상 과정에서 생성되는 방대한 전문 문서를 AI가 자동으로 분석하고 요약하는 기능을 제공한다. 임상시험 계획서 FDA 승인 문서 의약품 성분 분석 보고서 등 복잡한 자료를 빠르게 정리하고 연구자 질의에 대한 답변을 제공한다.폴라리스오피스 관계자는 ""이번 협력으로 미국의 엄격한 의료 보안 기준을 충족하는 AI 플랫폼 기업으로 인정받았다는 의미가 있다""며 ""글로벌 헬스케어 시장 진출을 위한 핵심 기반을 확보한 만큼 애스크닥 포 파마를 제약 의료 산업 지능형 의사결정 플랫폼으로 성장시켜 나갈 계획""이라고 말했다.
"
AI 공포에 주가 40% 폭락…'18년 경력' CEO 물러난다,https://n.news.naver.com/mnews/article/015/0005261889?sid=105,"
패키지로 팔던 포토샵, 구독제로 바꾼 '18년 경력 CEO'소프트웨어 업계 리더십 줄교체샨타누 나라옌 어도비 CEO ""물러날 것""매출 25배로 늘리며 현재 어도비 만들어 이미지 생성 AI·AI 네이티브 툴 등장'사스포칼립스' 공포에 주가 40% 빠져워크데이·클라비요도 리더십 개편



샨타누 나리옌 어도비 CEO./사진=AP세계 1위 이미지 편집 도구 ‘어도비 포토샵’은 2000년대까지만 해도 패키지 형태로 팔렸다. 이용자는 박스에 담긴 CD를 개인용 컴퓨터(PC)에 설치해 반영구적으로 쓸 수 있었다. 시중에 처음 판매된 포토샵1.0의 가격은 895달러. 지금 물가로 환산하면 2000달러를 웃도는 고가였다. 업무용으로 쓰는 전문가가 아니면 선뜻 써보기도 어려웠다. 2007년 어도비의 지휘봉을 잡은 샨타누 나라옌은 높은 진입 장벽이 문제라고 봤다. 그는 포토샵 요금체계를 월 20~70달러 내는 클라우드 기반 구독제로 바꾸며 사용자 기반을 크게 넓혔다. 이처럼 어도비를 서비스형 소프트웨어(SaaS) 기업으로 전환한 주역 나라옌 최고경영자(CEO)가 18년 만에 경영 일선에서 물러난다. 테크 전문매체 디인포메이션은 “인공지능(AI)의 위협에 대응하기 위해 소프트웨어 기업이 경영진 개편에 나선 상징적인 사례”라고 분석했다. 'AI 공포'에 주가 40% 하락나라옌 CEO는 12일(현지시간) “향후 수개월간 이사회와 협력해 후임자를 선정하고 원활한 인수인계를 진행할 것”이라고 밝혔다. 애플·실리콘그래픽스 등을 거친 나라옌 CEO는 1988년 부사장으로 어도비에 합류했다. 2007년 전임자 브루스 치젠의 뒤를 이어 18년간 회사를 이끌며 직원 수를 10배(3만 명)로 늘렸고 연 매출을 10억달러에서 250억달러로 키웠다.  그는 사임 소회를 밝히며 “새로운 시장 카테고리를 창출하는 리더십과 모든 영역에서 끊임없이 혁신을 추구하는 자세가 어도비의 매력이었다”고 회고했다. 하지만 성장의 주역인 그가 돌연 사임을 결정한 배경에는 ‘사스포칼립스(서비스형 소프트웨어 종말론)’로 불리는 위기론이 깔려 있다는 분석이 지배적이다. 최근 어도비는 구글 나노바나나와 미드저니 등 생성 AI 도구, 피그마·캔바 등 AI 네이티브 편집 툴의 거센 도전에 직면하며 ‘구세대 소프트웨어’라는 비판을 받아왔다. 이 같은 우려가 반영되면서 어도비 주가는 지난 1년간 38.49% 급락했다. 어도비는 자체 생성AI 도구 ‘파이어플라이’를 자사 제품군에 이식하며 정면 돌파를 시도하고 있다. 실제 이날 발표된 2026회계연도 1분기(2025년 12월~2026년 2월) 매출은 전년보다 12% 증가한 63억9000만달러로 역대 최대치를 경신했다. 특히 AI 기반 제품의 연간 매출은 전년 대비 3배 급증했다. 그럼에도 CEO 교체에 따른 불확실성이 커지며 시간외거래에서 주가는 한때 7% 이상 떨어졌다. 나라옌 CEO는 후임이 확정되기 전까지 직을 유지하고 이후에는 이사회 의장으로 활동할 계획이다. 워크데이·클라비요도 리더십 교체 리더십 변화가 어도비만의 일은 아니다. 인사관리 소프트웨어 기업 워크데이는 칼 에센바흐 CEO가 사임하고 공동 창업자인 아닐 부스리가 복귀한다고 지난달 9일 발표했다. 부스리는 2005년 워크데이를 공동 창업해 2014년부터 2020년까지 CEO로, 2020년부터 2024년까지는 공동 CEO로 재직했다. 부스리 CEO는 취임사에서 “AI는 SaaS보다 훨씬 더 큰 변화를 가져올 것“이라며 ”차세대 시장 선도 기업을 정의하는 핵심 요소가 될 것“이라고 밝혔다. 그는 1990년대 전사자원관리(ERP) 기업의 시초 격인 ‘피플소프트’의 초기 멤버이자 유명 벤처캐피털(VC)인 그레이락의 파트너로서 기술 트렌드를 읽는 안목을 증명했다는 평가를 받는다. 마케팅 소프트웨어 기업 클라비요는 부스리 CEO와 2020~2022년 워크데이를 함께 이끈 차노 페르난데즈를 공동 CEO로 영입했다. 창업자이자 기존 CEO인 앤드류 비알레키가 AI 제품 등 기술 고도화에 집중하고, 페르난데즈가 경영을 총괄하는 이원 구조다. 마이크로소프트(MS) 역시 지난해 말부터 대대적인 인력 재편에 들어갔다. 사티아 나델라 CEO는 지난해 10월 세일즈 총괄이던 저드슨 알토프를 상업 부문 총괄 CEO에 임명하고 본인은 “기술적 과업에 더 집중하겠다”고 밝혔다. 나델라 CEO는 MS의 연례 최대 컨퍼런스인 ‘이그나이트 2025’에도 불참했다. 소프트웨어 기반의 MS를 클라우드 인프라 중심으로 전환한 나델라 CEO가 AI 시대에 맞는 또 한 번의 체질 개선을 준비하고 있다는 분석이 제기된다.실리콘밸리=김인엽 특파원 inside@hankyung.com
		"
"류긍선 카카오모빌리티 대표 ""피지컬 AI 기반 기업으로 도약""",https://n.news.naver.com/mnews/article/421/0008824068?sid=101,"
12일 전사 임직원 레터 발송…미래 모빌리티 기업 비전 제시""피지컬 AI 전략은 회사 지향점이자 사업 시너지 로드맵""



류긍선 카카오모빌리티 대표 (카카오모빌리티 제공)(서울=뉴스1) 신은빈 기자 = 류긍선 카카오모빌리티(424700) 대표가 피지컬 인공지능(AI) 기반 미래 모빌리티 기업으로의 도약을 본격 선언했다.13일 카카오모빌리티에 따르면 류 대표는 전날 전사 임직원에게 보낸 레터를 통해 이 같은 비전을 제시했다.류 대표는 ""일상의 모든 이동을 책임지는 '피지컬 AI 시대를 선도하는 기술회사'로 거듭나겠다""며 ""기술 주권을 확보하고 글로벌 플레이어들과 대등하게 경쟁해 미래 모빌리티 시장을 주도해 나갈 것""이라고 포부를 밝혔다.류 대표는 카카오모빌리티의 피지컬 AI 전략은 회사의 지향점이자 기존 사업과 강력한 시너지를 낼 로드맵이라고 강조했다. 카카오모빌리티가 모빌리티 산업 전반의 디지털 전환(DX) 과정에서 축적한 데이터와 기술 인프라가 피지컬 AI 완성을 위한 핵심 경쟁력이 될 것이라는 설명이다.특히 카카오모빌리티만의 압도적인 자산으로는 △방대한 이동 정보를 AI 학습 가능한 수준으로 정제한 '데이터 자산과 품질 체계' △매일 바뀌는 현실 도로의 변화를 반영한 '지도와 도로 네트워크 데이터' △호출부터 정산까지 복잡한 운영 변수를 규격화한 '오퍼레이션 표준화 역량' △향후 서비스의 경제성과 확장성을 결정하는 '거점과 운영 인프라' 등을 꼽았다.새 비전에 맞춰 기존 서비스와 미래 기술을 함께 고도화하겠다는 방침도 밝혔다. 또 핵심 기술을 내재화하기 위해 협력 가능성을 열어두되, 기술 자생력을 확보한다는 전략적 방향도 분명히 했다.류 대표는 ""피지컬 AI 기술은 기존 서비스와 결합해 운영 효율을 높이고 서비스 품질을 혁신하는 선순환 구조를 만들 것""이라며 ""기술과 서비스가 유기적으로 맞물린 강력한 모빌리티 생태계를 구축하겠다""고 설명했다.이어 ""지난 5년여간 쌓아 온 자율주행 관련 역량은 이제 독보적인 자산이 됐다""며 ""피지컬 AI 핵심 기술을 내재화해 소프트웨어(SW)부터 하드웨어(HW) 제어까지 아우르는 독보적인 기술 경쟁력을 구축할 계획""이라고 덧붙였다.카카오모빌리티는 이를 위해 피지컬 AI 기술이 실제 서비스 환경에서 검증되고 확산될 수 있도록 '실증-운영-확산'으로 이어지는 실행형 기술 추진 체계를 강화한다. 류 대표는 이번 변화가 특정 조직만의 프로젝트가 아니라 모든 임직원이 함께 만들어 갈 여정이라고 강조했다.류 대표는 ""그간 모두가 함께 치열하게 일군 서비스들의 경쟁력 강화와 피지컬 AI로의 확장이 동시에 이뤄질 때 진정한 다음 챕터가 열릴 것""이라며 ""한국을 대표하는 피지컬 AI 기반 기술 회사로 자리매김할 수 있도록 모든 임직원이 동참해 달라""고 당부했다.<용어설명>■ 피지컬 AI피지컬 AI(Physical AI)는 인공지능(AI)이 현실 세계의 물리적 환경을 인식·이해하고 복잡한 행동을 직접 실행할 수 있도록 만드는 기술이다. 로봇·자율주행차 등의 형태로 직접적인 행동과 상호작용을 수행하는 기술을 의미하는 점에서 기존 AI와 구분된다.
"
"전북에 피지컬AI·방산·수소기지…DH그룹, 1500억원 투자",https://n.news.naver.com/mnews/article/003/0013819928?sid=102,"




[전주=뉴시스] 전북특별자치도청. (사진=뉴시스 DB). photo@newsis.com[전주=뉴시스]최정규 기자 = 전북특별자치도는 13일 도청에서 DH그룹과 부안 제3농공단지(투자 면적 10만 1836㎡) 일원에 피지컬AI(인공지능)·방산·수소 산업 제조기지를 조성하는 내용의 투자협약(MOU)을 체결했다. 협약식에는 김관영 전북지사와 이정권 DH그룹 회장, 권익현 부안군수 등이 참석했다.DH그룹은 올해부터 2032년까지 3단계에 걸쳐 총 1500억원을 투자해 부안 제3농공단지를 피지컬AI·방산·수소 산업이 집약된 복합 제조기지로 고도화한다.900억원 규모의 피지컬AI 분야 스마트팩토리가 들어선다. 산업용 로봇, 자동화 부품, 드론 및 무인항공 기반의 방위산업 생산라인이 구축된다. 2027년 착공해 자율주행이동로봇(AMR) 기반 무인 물류시스템과 디지털트윈 공정 자동화를 적용한 시설을 2029년 본격 가동할 계획이다.이어 2028년에는 350억원을 투입해 수소모빌리티 부품 제조공장 착공에 들어간다. 액화수소연료탱크와 전기·수소차량 부품을 생산하는 시설이다. 같은 해 미래비전 연구단지 조성도 시작된다. 250억원이 들어서는 이 연구단지는 수소·로봇·AI 융합 신제품 연구개발 허브이자 전북 지역대학과 연계한 산학협력 인력 양성 거점으로 운영될 예정이다.투자가 완료되면 직접고용 310명, 간접고용 포함 600~900명의 일자리가 생길 것으로 예상된다. 현대차그룹 새만금 투자 기반의 부품 공급망, 수전해 수소생산기지와의 에너지 연계, 새만금 AI·수소 시티 클러스터 효과까지 더해져 전북 서부권 전반의 산업 경쟁력을 끌어올릴 것으로 기대된다.김 지사는 ""이번 대규모 투자 결정은 전북의 미래산업 경쟁력이 높아졌음을 보여주는 것""이라며 ""DH그룹이 차질 없이 투자를 이행할 수 있도록 인허가 신속 처리 등 가용한 행정 지원을 아끼지 않겠다""고 말했다.DH그룹은 지난해 그룹 매출 1조원을 넘긴 중견그룹이다. 생활가전 및 자동차 부품 제조 역량을 토대로 피지컬AI·수소·드론 및 무인항공 기반 방위산업으로 사업 영역을 확장하며 제조업 기반의 미래산업 전환을 추진하고 있다.
"
"李대통령 ""국민주권 정부니까 가능…AI전환 신속 추진""",https://n.news.naver.com/mnews/article/277/0005733739?sid=100,"
이 대통령, 13일 AI 전환 사업 관련 SNS 메시지이재명 대통령은 13일 ""있는 힘을 다 모아 산업 인공지능 전환을 신속하게 추진하겠다""고 말했다.이 대통령은 이날 자신의 엑스(X·옛 트위터)에 정부가 AI 전환(AX) 사업을 통합 공고한다는 내용의 기사를 공유하며 이같이 밝혔다.



연합뉴스과학기술정보통신부, 산업통상자원부, 중소벤처기업부는 오는 19일 4320억원 규모의 AX 사업을 통합 공고할 방침이다. 이 대통령은 ""칸막이가 사라진 국민주권 정부니까 가능한 일""이라고 설명했다.그러면서 ""위대한 대한민국, 힘내자!""라고 썼다.이 대통령은 지난해 9월 말 국무회의에서도 ""부처 칸막이를 없애는 것이 이번 정부의 최대 과제""라고 강조한 바 있다.한편 이 대통령은 같은 날 자신의 엑스에 군 복무 기간 전체를 국민연금 가입 기간으로 인정하는 정책을 소개하며 ""약속은 지킵니다. 국민주권 정부""라고 언급했다.보건복지부는 올해 상반기 국민연금법을 개정해 이같은 방안을 시행할 예정이다. 현재는 군 복무의 최대 12개월까지만 국민연금 가입 기간으로 인정된다.
"
"[AI픽] 세미파이브, 180억 규모 차세대 AI칩 개발 수주",https://n.news.naver.com/mnews/article/001/0015957638?sid=105,"
			(서울=연합뉴스) 조성미 기자 = 인공지능(AI) 맞춤형 반도체(ASIC) 기업 세미파이브가 삼성전자 4나노 공정 기반으로 신경망처리장치(NPU)를 개발하는 180억원 규모의 일괄수주(턴키) 설계 계약을 맺었다고 13일 밝혔다.    세미파이브는 업계 내 NPU 설계 및 양산 사례를 가장 많이 보유하며 경쟁사와 격차를 벌리고 있다고 강조했다.    이 회사는 엑시나의 '컴퓨트 익스프레스 링크'(CXL) 기반 4나노 칩 개발 사업, 하이퍼엑셀의 거대언어모델 처리장치(LPU·LLM Processing Unit) 개발 등을 수주한 바 있다.    이번에 수주한 사업은 네트워크 연결 없이 기기 자체에서 AI 연산을 수행하는 온프레미스 환경에 최적화된 차세대 AI NPU 상용화가 목표다.    고해상도의 시각 AI와 거대언어모델 추론 등 대규모 데이터의 실시간 처리가 필요한 환경에 맞춰 설계되며 차세대 메모리 환경을 적용해 데이터 병목 현상을 구조적으로 개선할 계획이다.    이 회사는 국내 AI 반도체 설계 프로젝트를 기반으로 미국·중국·일본·인도·유럽 등으로 고객 기반을 확대하며 국제 사업 무대를 넓힐 계획이라고 덧붙였다.



AI 맞춤형 반도체(ASIC) 기업 세미파이브[세미파이브 제공. 재판매 및 DB 금지]    csm@yna.co.kr
"
"한성숙 중기장관, LG생산기술원서 상생형 AI 스마트제조 점검",https://n.news.naver.com/mnews/article/001/0015957580?sid=101,"
			(서울=연합뉴스) 구정모 기자 = 중소벤처기업부는 13일 경기도 평택의 LG생산기술원을 방문해 '상생형 AI 스마트제조' 구축 현장을 점검하고 대·중소기업 협력을 통한 제조 인공지능(AI) 확산 방안을 논의했다고 밝혔다.    한성숙 중기부 장관은 이날 LG생산기술원의 스마트공장 설루션 시연과 현장 투어에 참여하고 LG전자 임원과 지원사업 참여 중소기업 관계자 등과 간담회를 열어 상생형 AI 스마트공장 구축 사례와 현장 애로사항을 청취했다.    중기부의 '상생형 AI 스마트공장 구축 지원사업'은 정부와 대기업이 협력해 대기업이 보유한 제조 AI 기술과 인프라를 중소기업에 공유하는 사업이다. LG전자는 LG AI연구원의 '엑사원(EXAONE)'을 활용한 AI 설루션과 스마트공장 설루션, 자동화 장비 등을 패키지 형태로 지원하고 있다.    한성숙 중기부 장관은 ""글로벌 제조 경쟁이 심화하는 가운데 AI를 제조에 더하는 스마트제조혁신은 선택이 아닌 필수""라며 ""올해엔 상생형 AI 스마트공장 구축 지원 규모를 확대해 더 많은 중소기업이 혜택을 받을 수 있도록 추진할 것""이라고 말했다.



중소벤처기업부 현판[중소벤처기업부 제공. 재판매 및 DB 금지]    pseudojm@yna.co.kr
"
