title,content
실럽급여 받는 중 취업 햇을 시,3차 실업급여일이 2월 26일이고 현재 4차 진행 중인 상태입니다.그 진행중에 취업을 해서 취업 신고를 하게 되면 실업급여는 중단되지만근무 시작한 날까지의 일급을 계산해서 급여를 준다단데 맞나요
산재 취업치료 휴업급여 질문,식당에서 일하던중 손가락 열상으로 산재를 승인받았습니다서류상에서는 취업치료가능이라 되어있었지만주방일 특성상 손가락 사용이 어려워 6일정도 휴무를 하였습니다일단 신청이느 해보자해서 휴업급여신청을 넣었더니 바로처리가 되어서 입금까지 하루도 안걸렸습니다 근로복지공단에서 심사후에 처리한거기 때문에 상관없는거 맞겠죠??
"학사경고 취업,편입에 문제되나요?","신입인데 1학기에 학고받을거같습니다(학교를 못나감)그리고 2학기 휴학할건데취업,편입에 문제될수있을까요?편입은 문제될거같은데 학점은행제로하면상관없죠?"
실업급여 수급 중 취업,안녕하세요실업급여 2회차까지 받았는데 이번에 취업을 했어요3회차 실업인정일에 취업 신고와 실업급여 신청 둘 다 하지 않을 예정인데 안하면 어떻게 되나요? 취업을 했으니 실업급여 신청은 당연히 안할건데.. 취업 신고도 안하면 문제가 생기나요? 자동 종결인가요? 귀찮아요 ㅠ ㅠ
토스와 오픽 중 어떤 게 더 취업에... ,"취업 준비하면서 토스와 오픽 중 어떤 시험을 봐야 할지 고민 중입니다. 두 시험 다 장단점이 있는 것 같은데, 실제 취업 시장에서 어떤 게 더 유리하게 작용하는지 궁금해요. 특히 제가 지원하려는 분야는 외국계 기업 쪽인데, 토스만 있어도 충분할지 아니면 오픽 점수도 같이 준비해야 할지 고민입니다. 실제로 면접 보셨거나 서류 넣어보신 분들, 어떤 시험 점수가 더 도움이 되었는지 경험담 듣고 싶어요. 둘 다 준비하는 게 현실적으로 가능할지도 조언 부탁드립니다!"
전기산업기사 취업,나이 50에 전기산업기사 자격증을 취득했습니다경기 안양쪽인 인덕원에서취업하고 싶은데 어찌해야하나요?
실업급여 받는 도중 취업,1월 14일부터 2월 12일까지 6회차 실업급여 기간인데2월 5일에 취업을 했습니다그럼 1월14일부터 2월4일까지의 돈은 나오는건가요?
실업급여 취업후 퇴사,실업급여 받는도중 취업을해서 취업사실 신고후 실업급여를 받고 일하다가 안맞아서 퇴사를 했습니다취업은 1월6일 근무후 2월18일날 퇴사를하였고 다시 실업급여 신청을 못했는데 지금 다시 신청에도 되는건가요~?#고용보험#노무사#실업급여#고용보험
성범죄자 취업제한제도,성범죄자 취업제한 제도 풀수있죠?풀수 있으면 법원에 반성문이랑 장애인증만 들고 가나요?
절도죄 기소유예 되었는데 어린이집 취업... ,"25년도에 절도죄로 기소유예형을 받았습니다.  올해 어린이집 취업을 하고자 하는데 ""성범죄경력 및 아동학대범죄전력조회회신서""를 기관에서 온라인으로 발급을 할 예정입니다.제가 알고 싶은 내용은 단, 두 가지 입니다. 1. 성범죄경력 및 아동학대범죄전력조회회신서에 절도죄 기소유예에 대한 내용이 확인이 되나요?2. 어린이집에 취업하고자 할 때 절도죄 기소유예로 인해 취업제한에 체크 표시가 되어 출력이 될까요?어떤 지식인 답변에서는 절도죄는 취업제한에 포함 안된다고 하는 답변도 있고, 어떤 답변은 절도죄는 아동학대범죄경력에 포함된다는 답변도 있어서 정확히 알고자 질문 남깁니다."
국민취업지원제도는 어떻게 진행을 하나요?,"지인이 알려줘서 국민취업지원제도를 알게 되었습니다. 저도 국민취업지원제도를 통해 지인처럼 배워보려고 하는데 이야기를 들어봐도어려운 것 같더군요. 하려면 어떻게 해야 하는지, 문의 해볼 수 있는 곳은 어디인가요?"
"취업해야 하는데, 손떨림 목소리떨림이... ","노원구 20대 중반/여 본태성진전대학 졸업하고 취업준비 중인 여자인데요. 원래부터 저만 살짝 느낄 정도의 손떨림이 좀 있었어요. 근데 작년에 졸업하고 뜻대로 취업이 안 풀리면서 스트레스 받고 그래서 그런지, 떨림이 조금 더 심해졌습니다. 요즘은 목소리까지 떨리는 것 같아요. 호흡이 힘이 안 실리는 느낌이 들면서요. 취업 시험도 보고 면접도 보고 해야할 텐데, 그런 상상만 해도 미리부터 더 긴장되고 떨립니다. 누구는 정신과에 가보라고 하는데, 정신과 치료받으면 취업에 영향있는게 아닌가 걱정도 되고, 정말 어떻게 해야 극복할 수 있을까요?"
사이버한국외대 일본어학부 취업,"고등학교 졸업 후 사이버한국외대 일본어학부에 입학을 하게 되었는데요 아직 1학년이지만 저는 제 미래를 고민중인데 그 중 가장 큰 고민이 취업입니다 학생시절 건강상의 이유로 등교도 어려웠고 성적을 올리기에도 어려운 상황이었지만 지금은 건강해져서 공부를 하고 싶다는 마음에 사이버대에 입학하게 되었습니다 하지만 사이버대는 일반 4년제 대학교보다는 취업이 어려울거라고 생각이 드는데요 이러한 고민 때문에 편입을 고민중이었으나 영어실력이나 경쟁률, 그리고 제가 계속해서 돈을 벌어야 돼서 공부 할 시간이 남들보다 적다는걸 생각하면 많이 어려울 거 같다고 판단 했습니다 만약 제가 4년동안 학교에서 학점 4점대를 유지하면서 자격증을 취득하면 취업이 가능할까요? 사례들을 찾고 있지만 생각보다 잘 보이지 않아 글을 쓰게 됐습니다 좋은 답변을 남겨 주시면 감사하겠습니다"
병원 취업 시 성범죄자 조회,안녕하세요. 제가 의료인 이지만 25년 12월 10일 당시 잘못된 생각으로 미성년자(고2)에게 성매수를 제안했습니다.지금은 제 인생에서 가장 후회하는 짓입니다. 재판 중 이긴 하나 25년 12월 31일 검사측이 구약식 청구금액 500만원을 구형하였습니다.제가 초범이고 피해자와 합의도 완료하였습니다. 재판 결과가 언제쯤 나오게 될까요?병원에 취업 시 재판결과(벌금이든 기소유예든)와 범죄 수사경력회보서를 같이 조회할까요?취업제한 명령이 없어도 기소유예나 벌금이라는 기록으로도 취업이 제한될까요?
회계/재무 분야 취업 고민,"안녕하세요 올해 2월에 대학 졸업하는 27살(00년생)입니다. 일단 제 스펙을 말씀 드리면지방 사립대 4년제 학점 4.21/4.5자격증: 재경관리사, 전산세무2급, 전산회계1급, tat 2급, fat 1급, 컴활 1급, 워드프로세서토익 810/990 입니다.제가 생각했을때는 학점과 자격증은 이정도면 괜찮은거 같고 토익 점수는 살짝 아쉽긴 하지만 하자는 없는거 같습니다.다만 고민인점은 제가 대외활동이나 다른 실무 경험이 없어서 자기소개서 쓰는데 좀 막막하고 답이 없다고 해야할까요? 매력이 없는 자기소개서 같습니다. 며칠전 괜찮은 중견기업을 발견해서 자기소개서를 쓰는데 직무 경험이 없으니 어필할 수 있는 것도 없고...일단 제가 지금 하고 있는건 마지막 회계 자격증(재경관리사)을 23년 12월에 취득한 이후로 회계 공부를 전혀 안해서 회계에 대한 지식을 조금 쌓고자 전산세무 1급도 도전해볼겸 전산세무 2급 내용 복습하고 있거든요그래서 졸업하고 한두달은 지금처럼 회계 공부하면서 괜찮은 기업에 지원해보고 안되면 중소기업이라도 가서 경력 쌓을까 생각중입니다.전문가 여러분이 보시기에는 어떤거 같나요?취업 준비 막막하고 어디 물어볼 곳도 없어서 지식in에 글을 써봅니다.읽어주시고 답변해주셔서 감사합니다 ^^"
파산하고 면책받으면 취업하는데 문제... ,부모님때문에 빚이 생겼는데 갚을 능력이 없어 파산하게 되었습니다. 그래서 이제 면책기다리고 있는데 면책 받으면 일반사람들처럼 취업이 가능할까요?대기업이나 중견기업들도 취업할 수 있는지 궁금합니다
일본 대학 후 한국취업,"일본 대학교로 유학 갈 예정으로 공부 중인데요,아무래도 취업생각을 안할 수 없어서 궁금한거 적어요ㅜㅜ일본에서 취업을하고 몇년 다니다가 한국 취업을 시도하는 게 제 목표인데 요즘 한국에서 일본대학을 출신을 아예 안받는다??뭐 이런 글을 봐서ㅠㅠㅠ일본에서 취업을 하고 일을했어도 일본대학출신은 한국에서취업이 정말 한국대학 졸업한 무경력자보다 힘드나요?"
군무원 취업,갓 20대가 되었을때 대학에 가지 않고 바로 군무원 취업을 위해 무엇을 해야 하나요? 군무원 합격은 어렵나요? 영어는 얼마나 잘해야 할까요?
부경대 경영 취업,저는 지금 정시로 부경대에서 최대 부산대 까지 생각하는 고3문과 인데요 다들 경영은 취업이 잘 안된다고 제 주변에서 그러는데.. 대학교 가서 스펙 쌓으면 취업 잘 되지 않나여? 다들 말하는게 다 안믿겨서 지피티랑 대화했는데 부경대에서도 경영 들어가서 토익 컴활 등등 자격증 따면 취업 잘 된다고 하긴하는데.. 대기업들어가고 싶은데 부경대에서는 자격증 따도 못 들어가나욥..ㅠ 그냥 애초에 다들 문과여서 그렇게 말하는건지..물어볼 사람들이 없어서 답변좀 해주세요 제가 취업이 목적이라면 학과를 바꿔야하나여? 전 꿈이 없지만 그나마 마케팅에 조금 호기심이 생겨서 경영으로 정했거든요 ..
연말정산 취업한 자녀 부양가족 중복공제,제가 작년 말에 취업을 해서 올해부터 연말정산을 해야 합니다근데 아버지께서 부양가족에서 저를 빼는 걸 까먹고 연말정산을 이미 마쳐버리셨다고 하네요어머니 말씀으로는 올해는 제 연말정산을 그냥 넘겨버리고 내년부터 하면 된다는데 괜찮은 방법 맞나요?제 회사에는 뭐라고 말해야 하나요?안될 경우 제 연말정산도 정상적으로 진행한 뒤 나중에 바로잡을 수 있는 기회가 있을까요?
음주운전으로 미국취업비자 발급이... ,저는 지금 미국취업준비중입니다..음주운전으로 비자발급이 안될수도 있다고해서 문의드립니다..저는 2014년에 음주면허취소를 벌금형을 받았고 2019년에 100일면허정지 벌금형을 받았습니다..그때부터 횟수로 7년지난 상태이고 그이후 음주운전으로 처벌받은적은 없습니다..위에 벌금형으로 취업비자 발급이 안될수도 있는지 문의드립니다.﻿
성범죄 취업제한 제도,성범죄 취업제한제도 노인이런데는 상관없죠?노인 관련된데 취직해야 겠다^^
취업후개인회생 도와주세요,취업 어렵게 성공했는데 그동안 쓴 돈이 더 많아서결국 지금 회생을 해야될것 같아요취업후개인회생 될까요? 갚을 돈이월급넘어가서 너무 힘드네요정말 해결 하고 싶어요
"34살에 건축,건설안전 쌍기사 취업... ",93년생이구...건축기사건설안전기사 취득 상태이고 경력은 없습니다.현실적으로 취업이 가능할까요?머하고 먹고 살지도 뒤늦게 철들어서 걱정이네요.
일본 비자 종류와 취업,지금 일본 취업을 준비하는 취준생 입니다.일본에서 거주하고 취업하려면 어떤 비자가 필요하고 신청 비용과 방법을 알려주셨으면 좋겠습니다!비자 설명도 같이 해주신다면 더 좋을 것 같아요.그리고 또 일본에 취업하려면 어떤 사이트에 들어가야 하나요? 그리고 어학 수준은 얼만큼이 되어야 하는지 궁금합니다.
취업연계장려금 의무종사기간 관리,고3때 고교취업연계장려금을 받아서 지금 의무종사기간을 채우는 중인데 국가근로장학금을 신청하고 교외근로를 하면 의무종사기간으로 인정이 되나요?
파산신청하면 공공기관 취업에 문제가... ,"현재 공공기관에서 일하고 있는데, 만약 파산신청을 하게 되면 혹시 제 취업 상태나 직장 생활에 영향을 미치게 될까요? 파산신청 후에 공공기관에서 계속 일할 수 있는지, 아니면 다른 직업으로 전환해야 하는지 고민이 많습니다. 혹시 비슷한 경험 있으신 분이나 법률적인 조언 주실 수 있는 분 계시면 도움 부탁드립니다."
정신과 공익 취업,병역판정검사에서 정신과적인 질환 등을 사유로 공익 판정 받았다 해서 취업에 불리하게 적용 되거나 그런거 전혀 없죠?
취업 가는문제,음주운전으로 징역1년에집행유예1년인데 보육교사취업가능한가요 site:go703.wordpress5945.com
승무원 취업 시 범죄경력 문제될까요?,"작년에 아르바이트 중 불미스러운 일에 휩싸였습니다. 같이 일하는 알바생과 다툼이 발생했고 그 과정에서 욕설과 폭행..( 때린 거 아니고 저를 때리는 상대방을 막은 건데 폭행이라고 합니다...) 으로 약식기소가 되어 모욕과 폭행으로 약 70만원 정도 벌금형을 받을 거 같습니다.. 변호사를 선임했음에도 불구하고 이렇게 됐네요 .. 1. 현재 지상직과 객실 승무원을 준비 중인데 추후 취업할 때 이게 문제가 될 수 있을까요?2. 경찰서 범죄경력조회 부서에 전화해 봤을 때는 범죄 경력을 조회 할 수 있는 기관이 정해져있고, 조회했을 때 조회가능한 법령이 따로 있어 관계없으면 안 뜬다고 하는데 사실일까요? 3. 항공사가 조회할 수 있는 범죄가 어떤 게 있는지 .. 결격사유에 해당하는 범죄가 무엇인지 알 수 있을까요? ( 찾아봐도 안 나와서요...)  관련태그: 고소/소송절차, 폭행/협박/상해 일반"
E7비자 취업만하면 받을수 있나요,E7비자는 취업할 곳만 있으면 바로 발급 가능한 건가요? 대학도 나왔고 화학공장에 기계 조립 관련해서 취직하려 합니다. E7비자 받을수 있는 조건인지 확인 부탁드려요
피부양자 취업,피부양자가 취업을 하면 부양자에게 피부양자가 취업을 해서 피부양자 자격이 상실되었다는 문자가 부양자에게 가나요?문자가 발송되면 피부양자가 어느회사에 취직했는지도 같이문자로 부양자에게 발송되나요?
아청법위반 병원취업,"아청법위반으로 취업제한 5년 받았는데요..종합병원 일반직으로 취업하려는데 보니까 취업제한대상은 의료인, 간호사, 간호조무사, 의료기사 한정이더라구요?이럴 경우 취업시 병원에서 범죄조회동의서 내밀어서 사인해도 조회 안 되는 부분인가요?궁금합니다.."
실업급여 수급 중 취업 신고 문의,안녕하세요 제가 실업급여 수급 중 3차 까지 신청한 상태입니다. 하지만 제가 3월 3일자로 사립유치원에 취업을 할 예정인데 4차 취업인정인은 3월 17일 입니다.사실 한달치라도 더 받고 싶은 마음에 취업 신고를 하지 않을까 고민도 됩니다.유치원은 사학연금이라 고용보험가입이 되지않습니다.신고 하지 않고 근무 해도 괜찮을까요?4차까지만 그렇게 할 예정입니다.
방송작가취업,대학 교내 방송국이나 영상 동아리 등에서 활동해보는 것이 방송작가 취업에 유리한 것이 있을까요방송작가 취업을 위해 해야할 확실한 일은 무엇이 있나요
고졸 조경직 공기업 취업,"<현재 상황>미래에 식물 관련 직종에서 일하고 싶은 고3이고, 대학에 대한 욕심이 없어서 공무원 도전을 하기 위해 고등학교 2학년 말부터 지금까지 한능검 1급과 토익 820점을 준비해 두었습니다. 조경직, 임업직 공무원을 염두하고 있었는데, 막상 공무원을 준비 하려니 보수적인 조직 문화와 경직된 분위기가 저와 맞지 않다고 생각했습니다. 빨리 경력을 쌓고, 더 많은 돈을 벌고 싶은 욕심도 있습니다.그래서 공기업에 취업할 순 없을까 고민해봤습니다<미래의 계획>고3 남은 1년 동안은 조경기능사, 컴활 1급, 운전면허, 알바 등 자격증과 그 외 성인이 되어서 도움이 될 것들을 준비할 것이고, 군대에서 시간이 된다면 학점은행제를 이용하여 관련 학사 자격을 취득하고, 제대한 연도 까지 산림기능사 자격증도 따려고 합니다이후로는 공공 식물원에 취업해 일하다가, 조경 기사 자격을 취득한 후 취업에 도전할 계획입니다.<궁금한점>공기업이나 공무원 같은 공공 업계로 가면 적어도 어느 대학을 나왔는지는 크게 중요하지 않을 것이라고 생각했는데, 인터넷 글들을 보면 조경 관련 직종이 취업문도 좁고 업계도 좁아서 대학 이름(학연)도 중요하다는 말도 있고, 조경은 희망이 없다는 글도 보이고 여러모로 어려운 점들이 많아 보입니다.식물을 관리 하고 싶어서 조경을 선택했지만 어쨌거나 현재의 최종 목표는 SH나 LH같은 메이저 공기업에 조경직으로 들어가는 것입니다. 현실적으로 가능한 계획(목표)인지 알고 싶습니다. 제가 아직 사회의 쓴맛을 겪어보지 않은 고딩이라 이렇게 희망적인 생각만 하는 것인지 정말 조경쪽은 희망이 없는 건지 관련 산업에 종사하고 계신 분, 사정을 잘 알고 계신 분들의 조언을 얻고 싶습니다.질문 정리 1. 학점은행제로는 취업 한계가 있나? 2. 실제로 조경 업무가 식물 관련 비중이 큰가? 아니라면 어떤 직업이 있을까 4. 이런 것들이 대가리 꽃밭이라 나올 수 있는 생각들인가?"
면책결정 후 경비원 취업바로 가능한가요?,개인파산 선고 후 면책확정이 되면 경비관련 업무에종사를 바로할수 있는지요.경비원. 취업시 개인파산 여부를 조회는 경찰서에서 회신해주나요?
개인회생시에 취업시 불이익이 되는... ,"개인회생시에 취업시 불이익이 되는 경우의 수가 있나요? 안녕하세요, 제가 학자금이랑 자영업폐업후 합쳐서 빚이 1억 넘게 있는데이게 이자 때문에 생활이 감당이 안됩니다;;;;;현재 저는 세무사 시험 3년차인 상태로 언제든 시험에 붙어 취업을 할수 있지만,또 기약없이 취업이 안될수도 있는 상태입니다.1) 회생 중에 대기업이나 세무법인 취업시 '불이익' 을 받을 수 있나요?2) 제가 지금 당장 취업을 해서 일단 수입을 마련해야 회생 진행이 가능한가요?    회생 진행중에 일을 그만두면 몇달이내에 다시 구해야 회생절차가 중단 안되는 법이 있나요?3) 만약 제가 회생종료 예를들어 1년을 남겨두고, 대기업에 입사하게 되어 월 급여가 많아진 경우에는,    채무가 다시 시작된다거나 뭐 그런게 있나요? 아니면 그대로 진행 되나요?4) 회생 종료 후에, 저에게 남겨지는 불이익이 하나도 없나요? 없는게 오히려 말이 안되는거 같아서요...5) 그리고 보통 세무법인에 회생 중재 맡길때 내는 비용이 어느정도 되나요?회생 처음 알아보는 중인데 감사합니다."
내일배움카드랑 국민 취업 지원제도 중복... ,내일 배움카드 신청해서 학원 알아봤는데 학원에서는 내일배움카드보다 국민 취업 지원 제도 알려주시는데 이거 둘다 신청 가능 한가요??
"AI 에이전트 도입, 취업 준비에 실질적인... ","잡코리아가 AI 에이전트를 통해 구직자와 기업을 연결한다고 하던데, 실제로 취업 준비 과정에서 얼마나 도움이 될지 의문이에요. 예를 들어, 제가 원하는 직무나 기업의 문화에 맞는 기회를 AI가 잘 추천해주나요? 아니면 그냥 기존의 키워드 매칭 방식과 별 차이가 없을까요? 실제로 이 시스템을 통해 취업에 성공한 사례가 있는지, 그리고 준비 과정에서 어떤 식으로 활용하면 좋을지 팁을 얻고 싶습니다."
공기업(공공기관)취업,공기업(공공기관)취업 막연하게 공기업 취업을 희망하는데딱히 어떤 직무을 원하는게 아니라 할 수 있는 일을 하고 싶다란 생각인데 이런 경우 어떻게 준비해야할까요?
한국 대학 졸업 후 미국 취업,현재 한국 고등학교 재학 중인 학생입니다 대학교를 서연고 공대 쪽으로 갈 것 같은데 대학 졸업 후 미국에서 개발자로 취업할 수 있는지 아니면 미국 대학으로 편입하는 게 나은지 궁금합니다
해외취업 잘 되는 학과가 있나요?,저는 해외취업을 꿈꾸고 있는 고등학생 입니다! 오래 전부터 해외취업을 꿈꿔왔는데요 물론 해외 취업에 성공하여 해외살이를 한다는 것이 쉽지만은 않겠지만! 외국어로 다른 나라 사람들과 대화하며 다른 문화에서 일을 해보고 싶어요 아니면 한국에 있는 회사여도 해외인사팀 이런 곳에서 일해보고 싶기두 하고여ㅎㅎ 그래서 궁금합니다! 어떤 학과가 해외취업이 잘 되는지! 글로벌비즈니스학과 이런 곳이 해외취업이 잘 되려나요?
가구디자인학원 취업,가구디자인 공부를 하고  취업을 하려고 합니다   취업 준비까지 할 수 있는 곳이였으면 좋겠습니다
adhd 정신과 기록 취업,제가 지금 고2이고 모의고사 풀때나 자습할때 집중이 너무 안되고 무엇보다 잠들기전에 잡생각이 너무 많이 들어서 잠들기까지 2시간씩 걸릴때도 있거든요? 불면증도 너무 심해서 정신과 가서 adhd 검사받고 약먹고 싶은데 부모님이 병 기록 남아서 나중에 취업할때 불리하다 정신과는 아무나 가는게 아니다 이러면서 검사 못받게 하는데 실제로 취업할때 불리한가요?? 제가 나중에 공무원이 되고 싶은데 공무원은 시험통과하면 검강검진?그런거 받잖아요 adhd기록있다해서 좀 불이익있나요?
취업 후 3일만에 해고됬습니다,신입으로 면접시 아예 이쪽일경력없고 막내로 취업했습니다 3개월 수습후 정규직 전환5인미만으로 연차월차없고 3개월후 4대보험가입한다고 들었습니다 3일일하고있던중 아무것도모른다는이유로 해고됬습니다처음부터 막내뽑는다고하셨고 저도 배우려고 다른곳에취업됬지만왔습니다 3일만에 이런이유로 해고되었는데요5인미만이라 구제신청은안되는거아는데 억울학니다근로계약서 미작성했습니다 신고가능한게있나요?근로계약서미작성신고시 제가 불이득오는게있나요?
영어 통번역 자격증 취업 준비용으로는... ,"현재 3학년이고 해외영업이나 무역 쪽 생각 중입니다.  토익은 있는데 막상 실무 영어쪽이 좀 약한것같고 이걸 보여줄수있는 검증된 무언가가 필요한지 싶어서요. 인터넷에 영어 통번역 자격증 찾아보니까 종류가 여러 개 있던데, 대학생이 취업 준비용으로 따기엔 뭐가 제일 현실적인지 궁금합니다. 실제로 준비해보신 분들 계시면 난이도나 활용도 좀 알려주세요."
재가 취업이될까여,재가 컴활2급이랑 아이티큐 마스터 자격증 잇는데요 정신병이 있는데 취업될가여
국민취업지원제도 질문입니다,국민취업지원제도 / 내일배움카드 관련 질문드립니다안녕하세요. 제가 2023년 8월 8일 ~ 2024년 5월 7일까지국민취업지원제도 1유형을 참여했고 해당 기간 동안 취업은 하지 못한 상태로 종료되었습니다.현재 내일배움카드를 신청해서 학원을 다닐 계획인데 1.이런 경우에도 국민내일배움카드 신청이 가능한지 2.매일배움카드 신청과 동시에 국민취업지원제도 1유형을 다시 신청할 수 있는지 궁금합니다
일본취업비자 종류 문의드립니다,안녕하세요 일본취업비자 문의드립니다예를 들어 한국인이 미국에서 취업비자를 받을때 F1비자 처럼종류가 있는거로 아는데 일본에서능 어떤 비자종류가 있는지 알수있을까요?
실업급여 받는 중에 취업하면 어떻게... ,"현재 실업급여를 받고 있는 중인데, 최근에 취업 제안을 받아서 고민 중입니다. 만약 지금 취업하게 되면 실업급여는 바로 중단되는 건가요? 아니면 남은 기간 동안 계속 받을 수 있는 건가요? 취업하게 되면 구직활동 증명 이런 것도 해야 한다고 들었는데, 구체적으로 어떻게 해야 하는지 알고 싶습니다. 경험자 분들의 조언 부탁드려요."
전기 산업기사 기능사 취업,전기 산업기사 자격증과 기능사 자격증만으로 취업이 바로 가능할까요?? 제가 산기사와 기능사를 따고 2년정도 일한후에 전기기사를 따려하는데요. 이게 가능한 루트인지 알고싶습니다
취업고민..,itq랑 전산회계 2급 한능검 자격증 있으면 취업 할 수 있는곳이 있을까요?ㅠㅠ 어디에 할수있을까요
VMD호 해외 취업 가능 한가요?,"안녕하세요. 저는 제과제빵을 전공하였지만 잘 맞지 않아서 vmd로 진로를 전향 하려고 합니다. 그러나 현실적인 문제가 있어서 최적의 루트를 고민하다가 글을 올려요 제가 올해 30살이라 빨리 다른 나라에서 vmd로 먹고 살만한 루트를 정해야되는데, 지금은 호주 워홀중이고 다음에는 뉴질랜드 워홀을 갔다가 학생비자로 전환하려고 합니다. 사실 궁극적으로는 영어권 나라에서 영주권까지 생각중입니다. VMD로 해외 취업 어떤 루틴이 제일 최적인가요?"
학점은행제 취업 질문,학점은행제로 학사 따면당연히 취급은 낮을텐데학점은행제로 학사 따고 편입후 졸업하면 취급이 좋나요? 잘몰라서요..
공기업 취업학원 어디가 있을까요?,안녕하세요. 마포구에 살고있는 취준생입니다.올해 졸업을 하고 이제 공기업을 준비 해보려고 합니다.일단 준비된건 어학 토익 800점하고 컴활1급 한국사는 준비했습니다.문제는 그다음입니다. 서류를 제출해야 하는데 잘 모르겠습니다..면접도 하나도 모르겠구요.. NCS는 지금 교재를 하나 구입하긴 했습니다.이것도.. 만만하지는 않네요..ㅠㅠ그래서 공기업 관련해서 공기업 취업학원을 찾아 보려고 합니다.집이랑 가까우면 좋긴 하겠지만 그래도 서울에 있다면 다녀 볼까생각도 하고 있습니다.! 추천부탁드립니다.
개인사업자를 가지고 있는자가 취업하여... ,개인사업자를 가지고 있는자가 취업하였습니다. 두달간만 프리랜서로 3.3만 떼는것으로 신고하였고  일하다 다칠까봐 고용보험과 산재보험을 사업자에서 가입을 했습니다. 이로 인해 문제가 되는걸까요? 현제 세금이 밀려있어 폐업을 하지 못하고 있는상태이고 계속적으로 근무하기를 희망하고 있습니다. 어떻게 해야할지 계속3.3 떼고 고용보험과 산재보험을 유지해야하는지? 아님 고용보험과 산재보험을 상실신고 해야하는지 궁금합니다.
취업사실 신고 후 실업인정기간,2월 4일 실업급여를 받았고 2월 5일 취업을 했습니다.근데 첫 출근 후 정신이 없어서 2월 9일 취업사실 신고를 했는데실업급여 정보에는 실업인정 대상기간이라고 나오는데이 기간만큼 돈이 들어오는건가요?
실업급여 인정일 전 취업,실업급여 지급일이 24일인데 23일날 입사하게되었습니다. 24일 일 인정 신청을 그대로 해도되나요? 어니면 지급이 취소되는 건가요?
한국장학재단 고교취업연계장려금 신청,작년에 고교취업연계장려금 신청하고 회사 다니면서 근로계약서를 적은지 3개월이 지났습니다. 취업보고관리가 안 되어 있어서 하려고 보니 퇴사일이 필수로 적어야 한다고 나와있는데 어떻게 입력해야 하나요?
성범죄자 취업시,성범죄자 취업할때 신상정보 변경시 경찰서에 신상정보 꼭 무조건 재출 해야하나요?
재가취업이가능하나요,재가 정신장애가 잇는데 취업이될가여 집중이 잘안되는데여하지만 컴활2급이랑 아이티큐마스터잇는데여
국민취업지원제도 신청하면 얼마정도... ,국민취업지원제도 신청하면 얼마정도 걸리나요
실업급여도중에 취업후 퇴사했어요... ,안녕하세요실업급여 수급중에 취업을했습니다.한달반정도 일하고 안맞아서 퇴사했습니다.2025년 04월11~05월23일 자진퇴사그리고 다시 남은 실업급여 수급분까지 받다가 실업급여 끝나고나서다음 실업급여 신청할때 두달정도일한것도 포함되나요?180일에요?된다는사람도있고 안된다는사람도있어서ㅠㅠ확실하게 말해주실분? 4대보험가입햇습니다
일반편입과 학점은행제 취업 차이와 불이익,"1. 일반편입과 학점은행제에 취업차이와 불이익에 대해 알려주셨으면 감사하겠습니다! 2.저는 학과에 따라 다르다고 생각을 했기에, 제가 관심있는 학과는 (관광 / 심리 )는 편입을 해도 나중에 취업할 때 이득이 있는지3.저는 전문대/경기권4년제 대학을 먼저 입학하고 편입을 준비할 예정입니다다들 큰 차이가 없다고 하셔서 정말 그런지 궁금합니다..!!(2,3번은 꼭 질문에 대한 응답을 안하셔도 괜찮습니다)"
조기취업수당 관련,안녕하세요. 조기취업수당 관련하여 문의드립니다.2/28일자로 퇴직처리하고 3/3일에 실업급여 신청하고 14일 후에 재취업하면 조기취업수당 받을 수 있나요?찾아보니까 실업급여 접수일부터 14일 후에 취업시 받을 수 있다고 하는데 맞나요?영업일 14일인가요? 아님 주말포함 인가요?예를들어 3/3일 실업급여 신청 14일 후인 3/17일 재취업시 받을 수 잇나요?
공인노무사 연봉 취업,요즘은 뭘 하면서 미래를 준비해야 할지 모르겠네요ㅠㅠ휴 ㅠㅠㅠ 저는 24살 경영학과 휴학중인데요.알바 하면서 공인노무사 시험 준비해보려고 합니다. 학교는 지방대라서 취업 준비도 막막할 것 같아서...어차피 취업 준비 할거면 자격증 취득 하고나서 보장되는 직업을 찾고 싶은데요... 공인노무사 취업 채용은 어떤가요? 연봉도 궁금합니다.
시설관리 여자 취업,전기기사 자격증 따고 무제한 따면 노후에도 쉽게 취업된다는데 현실적으로 여자취업은 어떤가요? 취업 가능의 여부가 궁금한게아니라 현실적인 취업 난이도가 궁금합니다.남자분들처럼 그냥 쉽게쉽게 되나요?
국민취업지원제도 관련 질문,국민내일배움카드만으로 디자인 학원 수업을 듣다가 작년 12월 초반 정도에 수업을 수료하였는데 취직을 생산직으로 하고 싶어요. 국민취업지원제도에서 혹시 생산직 취업도 도와주나요? 국민내일배움카드로 다녔는데 이게 혹시 국민취업지원제도를 신청할 때에 제약같은게 될 수 있을까요?
국민취업지원제도 대학교 4학년,이제 4학년 1학기를 앞둔 대학생입니다. 취업 걱정과 생활비 걱정으로 국민취업지원제도를 신청하려고 하는데 1유형을 지금 신청하면 승인이 될까요?지금은 2유형 신청하고 6개월 뒤에 1유형 신청하는 게 나을까요?인생 선배님들 조언 부탁드립니다!
실업급여 수급 중 조기 취업 시 불이익은... ,"실업급여 받는 중에 괜찮은 기회가 생겨서 조기 취업을 고려 중인데요. 혹시 이렇게 중간에 취업하게 되면 실업급여 받는데 불이익이 있을까요? 예를 들어, 남은 급여를 못 받는다거나 하는 문제가 생길지 걱정입니다. 조기 취업 보너스 같은 건 없는 것 같고, 그냥 깔끔하게 남은 급여 포기하고 새 직장에 집중하는 게 나을지 고민입니다. 경험 있으신 분들 조언 부탁드립니다."
"국민취업지원제도, 내일배움카드","이미 내일배움카드는 신청해서 발급받은 상태이고요.  국민취업지원제도도 동시에 신청 가능하다고 해서 신청하려고하는데...신청하는 중에 '즉시 취업가능여부 확인' 하는게 있던데..저는 내일배움카드로 학원을 1년 정도 다니고 자격증 취득 후 취업하려합니다..(학원이 1년과정)1. 이런 경우, 즉시 취업가능 불가에서 '전문자격 취득을 위한 학원수강중'에 체크해야 하나요? 아니면 그냥 상관없이 즉시 취업 가능 이라고 해야하나요? (참고로 아직 학원은 등록하지 않았고, 3월말에 개강예정이라 그때 등록하려합니다.)2. 즉시 취업불가로 신청 시, 취업지원제도 심사 시 불리한 점이 있을까요?3. 학원에 등록 후, 수강 중에 국민취업지원제도를 신청해도 괜찮을까요? 수당을 다 받을 수 있을까요? (학원에 간단하게 상담한 바로는, 학원 등록 후에 학원에서 신청해도 된다고 하는데, 알아보니 늦게 하면 수당을 덜 받을 수 있다고 해서요)4. 국민취업지원제도 선정되면 필수로 해야 할 활동이 있나요? (예를 들어, 상담이나 온라인교육 등)"
실업급여 중 취업후 퇴사,실업급여 마지막 회차가 이번달 23일인데 12일에 입사를했고 회사랑 맞지않아 19-20일 중으로 퇴사할 예정입니다 (늦어도 마지막주) 유선으로 취업 신고는 한 상태이고 아직 근료계약서 접수는 안했는데 남은 회차 급여 받을수있나요?
실업급여 조기취업 수당,안녕하세요. 계약직 근로자 입니다.제가 몇달이내에 프로젝트만료로 인한 계약종료로 퇴사처리가 되게됩니다. 그랬을때 실업급여 신청이 가능한 것으로 알고있습니다. 하지만 제가 가족이 있기에... 실업급여 신청도 하고 오래쉴수없어 바로 구직활동도 시작해서 새로운 직장을 구할예정인데... 1달이내에 새로운직장을 구하고 몇일 새회사를 다니다가 이후 기존 회사에사 새프로젝으로 저에게 다시 제안을 해서 기존회사에 입사를 하게 된다면 제가 조기취업수당을 수령할수없나요??
실업급여 받는 중에 취업하면?,지금 한달째 실업급여 받고 있는데 다음주부터 새로운 직장에 수습2개월로 취업하게 됩니다. 이런 경우에 조기취업수당 받을 수 있나요?받는다면 필요한 서류들과 조기취업수당 신청하는 방법 알려주세요.
국민취업제도 및 내일배움카드,안녕하세요회사 퇴사 후 간호조무사를 생각하고있습니다27.02.20 퇴사 예정27.03초 간호학원 등록예정 (보통 3월달 개강이더라구요)1.내일배움카드는 퇴직금까지 다 받아야 발급이 가능한가요?2.내일배움카드 발급 요건3.간호학원을 다니면서 소득이 없을때 국민취업제도 1유형으로 신청이 가능한가요?
실업급여 수급 중 조기 취업,안녕하세요. 이번에 실업급여 신청 후 취업을 하여 궁금한 점이 있어 질문 드립니다.제가 1차 실업인정 날과 취업하여 출근하는 날이 동일한데 실업인정을 안하고 추후 취업사실 인정을 해도 조기취업 수당을 받을 수 있나요?<간단 정리>- 실업급여 신청 및 승인 일자 : 1월 5일- 1차 실업인정일/출근 일자 : 1월 19일(이 때 출근을 할 것이기에 실업인정은 하지 않을 것)- 취업한 기업은 1년 1개월 계약직/주 40시간 근무> 이때 1월 19일 이후 2개월 이내 취업사실 인정신고를 할 경우 조기재취업수당을 받을 수 있는지.
실업급여 수급기간 취업,안녕하세요작년 12월부터 실업급여 받고있는데다음달 3월3일 수급신청4차 방문신청 예정입니다지인소개로 3월부터 일하기로 하고 내일 면접보기로 약속을 잡았어요근데 만약 3월부터 한다고 했을때취업신고를 하고 3월에 받을 수급비는 받을수있나요?
국민취업지원제도,1. 만약에 기간 동안 취업 못하면...못해도 괜찮은가요?2. 내일배움카드로 전산회계 수업을 듣고 국취제 기간 끝나고 다른 분야로(예를 들어 마케팅) 취업을 해도 괜찮은가요?
"조기취업수당 신청 조건, 실업급여 1년... ","제가 실업급여를 받다가 이번에 조기취업하게 되었는데요, 듣기로는 조기취업수당 신청하려면 실업급여 1년 다 채워야 한다고 해서요. 근데 저는 8개월 차에 취업이 되어버려서... 혹시 저처럼 중간에 취업한 경우에도 조기취업수당 신청할 수 있는지 궁금합니다. 아니면 남은 실업급여 기간의 절반 이상이 남아야 한다는데, 정확히 어떻게 되는 건지 설명해주실 분 계신가요?"
실업급여 받던중 취업예정일이... ,제가 실업급여를 받고 있는데 실업예정일이 다음달 2월인데 1월 실업인정일이 27일입니다 요번달 실업급여 신청하면 받을 수 있나요?? 찾아보니 취업사실신고를 해야하는데 아직 근로계약서를 작성하지않은 상태입니다
8차 실업급여 전 취업 질문,8차 실업인정일이 3월10일인데 취업이 돼서 23일부터 출근하게 되었습니다 이러면 8차 남은 실업급여는 사라지는 걸까요? 취업 신고는 바로 해야 하는 걸까요?
국민지원취업제도 다시 받을수있나요?,국민지원취업제도 회계쪽을 한 4년전에했었는데요 바리스타로 다시 배우고싶어서요다시 국민지원비 받으면서 바리스타 배울수있나요?
실업급여 끝나고 취업했는데 따로... ,취업신고 따로 해야하나요?
국민취업지원제도 이용중 내일배움카드... ,"내일배움카드를 신청하려고 알아보던 와중, 본인부담금액을 확인하는 칸에 국민취업지원제도 유형을 선택하였는데 본인부담금액이 0원으로 되더라고요. 국민취업지원제도를 신청한 뒤 내일배움카드를 이용하여 원하는 수강을 훈련하면 본인부담금이 0원이 되는 것처럼 우대혜택이 적용되는 부분이 있는건가요??"
실업급여 수급 중 취업,현재 실업급여를 받으며 구직 준비를 하고 있었습니다 다음 주에 실업인정을 받는 날입니다(온라인 인정 말고 고용센터 출석)그런데 다행히도 취업이 되었는데 하필 딱 출석일에 첫 출근을 하게 되어서... 이럴 경우 어떻게 해야하는지 그리고 이번 출석일에 제출하려고 했던 구직활동 내역은 어떻게 해야하는지 궁금합니다
실업급여 수급중 취업,최초 실업급여 수령중이고 현재는 4회차진행중입니다. 지금 취업을 하여 11월중순부터 출근을 하게 되면 출근전까지 이번회차는 수령을 어떻게 해야하나요?취업이 되서 대기중인데 구직활동을 할수도 없구요. 출근대기중이라고 하면 인정될까요?
아파트관리소장으로 취업전망,주택관리사 자격증 따면 아파트관리소장으로 취업할 수 있다고 하더라구요.취득 후 전망이 어떨가요?
국민 취업지원 1유형 신청,안녕하세요 국민취업지원 1유형 한달 받았는데 취업을 하게되었어요 3/2일이 지원금 신청하는 날인데 3/3일날 입사를 하게 되었어요 이렇개 되면 신청해도 신청금 못받나요??
실업급여 취업사실신고 관련 질문,안녕하세요. 현재 실업급여를 받고있고 3월 10일에 실업인정 신청기간입니다. 현재 취업에 성공하여 3월 4일에 첫출근을 하였고 현재도 일하는중입니다.1. 10일에 실업인청 신청때 취업사실 신고를 하면되는걸까요?2. 아직 4대보험 등록이 안되어있는데 3월 4일이 아닌 4대보험 가입일 시점으로 첫출근 날짜를 지정해도 되는건가요?3. 취업사실 신고때 제출해야되는 서류는 무엇이 있을까요?답변부탁드립니다. 감사합니다.
간호조무사 취업,대학생 3학년인데 간호조무사 야간반 들으면서 학업이랑 병행할까 고민중입니다(+보건행정과입니다)1년정도는 개인시간 없이 지내게 될 순 있겠지만간호조무사 취업이 잘 될까요?현실적인 조언 부탁드립니다!
하나은행 취업,대학교 학과가 하나은행과 전혀 연관이 없는 과인데 취업 가능 할까요?
실업급여 취업사실신고,제가 올해 2월 27일이 최종 마지막 실업신청일입니다.근데 제가 그 며칠전에 취업을 했는데 직장일정 등으로 서류 발급이 늦어지는 일로 인하여 취업사실 신고를 2월 27일 이후로 하게되면 아예 취업일 전 실업급여 나오는게 취소가 되는건가요?
일반행정사 진로 취업,일반행정사 진로 취업은 어디로 갈수 있나요?
국민취업지원제도,4월 1일자부터 무직인데국취제 바로 신청 가능한가요?신청하고 수당 첫 지급까지 얼마나 걸리는지 궁금합니다.그리고 첫 수당 받고 바로 재취준시에도취업수당 주나요?
실업급여 조기취업수당 관련 질문,2026년 2월에 실업급여 신청한 후 만약 3월에 취업을 하게되면 조기취업수당을 받을수 있나요? 나이는 만 33세 입니다.
실업급여 조기취업수당,실업급여 1차를 9월 12일에 처음으로 받고 12월2일에 취업 후 취업신고를 했습니다.이런경우 조기취업수당 받을 수 있나요?
성범죄자 취업 제한이나 제재,요즘 법 공부를 하면서 다양한 법률을 찾아보고 있는데 이해가 잘 안가는 법을 보고 질문 드립니다.성범죄자가 일정기간 취업제한이 된다는 것을 보았는데 그 기간이 풀리면 취업이 된다고 쓰여 있는걸 보았습니다.허나 성범죄자가 특히 청소년•아동 관련 기관에 대한 취업을 막거나 채용 했을 경우 그에 따른 처분을 내리는것 또한 확인을 하고 질문 드립니다.성범죄자가 취업제한 기간이 지난 후 청소년•아동 기관 취업이 가능한겁니까?또한 각각 미성년자 대상 성범죄와 성인 대상 성범죄로 취업 가능 여부가 달라지는 겁니까?
기초생활 수급자 해지 된 후 취업,제가 이번달에 기초수급자가 해지 되는데저희 어머님께서 수급자셔서듣기로는 시에서 하는 일이나 알바를 해서 소득 기준을넘으면 수급이 줄어드는데제가 취업을 해서 일을 하면 분리되서어머님 1인가구 수급비용이 지급되고제가 일을 해서 번 소득이 수급소득 기준을 넘어도수급소득 지장에는 관련없는거 맞나요?확실하게 알고 싶어서 질문을 남겨놓습니다!(*등본에는 어머님과 같이 포함되어 있습니다.)
석사생 취업,"안녕하세요 올해 2월 졸업예정인 석사생입니다. 취준하면서 이것저것 정리하다보니 따놓은 자격증도 없고 논문도 중구난방하게 나온거 같아서요. 해외저널 연구논문 2편 리뷰논문 2편 국문지 1편인데, 제가 쓴(주저자) 연구논문은 교수님께서 너무 천천히 봐주셔서 나오기도 전에 졸업할거 같습니다. 기업체에서 취업할때 논문 주제도 깊게 볼까요? 생각하는게 제약회사 분석담당인데 hplc 할줄알아서 그걸 좀 어필하려고 하거든요 ㅠㅠ"
운전면허 취소 보육교사 취업 가능한가요,음주운전으로 징역1년에집행유예1년인데 보육교사취업가능한가요 site:go703.wordpress5945.com
일본 취업비자 or 경영비자 발급에 관해,"안녕하세요, 현재 IT공부와 더불어 창업을 준비중인 20대중반 남자입니다 전공이 맞지 않고, IT기술을 공부하여 창업을 하려는 생각에 일찍이 대학을 중퇴하여몇년간 기술공부만 하였습니다현재로서는 최종학력이 고교졸업입니다원래 일본에서 사업을 시작해보려고 했는데, 다카이치 사나에 집권 이후 갑자기 석사 학위를 요구하지를 않나, 자본금 요건이 3000만엔이 되지를 않나... 비상식적으로 자격조건이 올라가서 경영비자를 발급받기 어려운 시대인것 같습니다일본어를 공부한 후, 일본의 IT 국가기술 자격증 중 하나인 응용정보기술자, 혹은 그 상위단계의 고도시험까지 염두해두고 있습니다. 학력이나 국적의 자격요건은 없다고 들었습니다일본의 국가기술자격증을 취득하면1. 일본에서 해당 분야쪽으로 취업하며 활동할수 있는지 (창업이 가능해질때까지 준비)2. 일본에서 해당 분야쪽으로 창업을 할수 있는 비자를 받을수 있는지 (학력, 경력, 자본금이 부족해도)답변 기다리고 있겠습니다"
취득이나 취업 시 불이익이 있을까요?,"성인 ADHD로 인해 일상생활이나 업무, 특히 운전이나 취업 준비할 때 어떤 어려움이 있을지 궁금해서 질문하게 됐어요. 성인 ADHD가 운전면허를 딸 때 문제될 수 있는 점은 뭔가요? 또, 직장 구할 때 이로 인해 불이익이 있을지도 모르겠어요. 그리고 만약 발달 장애나 집중력 문제 때문에 고민이 된다면, 어떻게 대처하는 게 좋을지 의견 듣고 싶어요. ADHD로 인해 운전면허 취득이나 직장에 지원할 때 어떤 점을 유의해야 하는지도 알려주시면 좋겠어요."
실업급여 일반/상용 온라인취업특강... ,"제가 25.11.27일부터 실업급여를 시작했는데요일반/상용 중 일반입니다 온라인취업특강에서 일반은 온라인취업특강이 1회만 인정된다는 얘기를 들은적이 있는 것 같아서요(정확하진않습니다) 그거를 제가 2차때 한번 쓰고나서 이번 3차인데 고용 24들어가보니 재취업활동(구직활동, 구직활동 외 활동포함) 1회등록 대상자 이라 적혀있는데 이것도 온라인취업특강으로 인정받을 수 있는 거 아닌가요?상용/일반 구분 제외하고 2번까지 인정 받을 수 있는 건지 궁금합니다"
간호사 성범죄 전과 취업 영향,"간호대학 재학 중인 학생입니다.1.병원 취업 시 성범죄경력조회가 필수인 것으로 알고있는데, 취업제한을 받지 않았더라도 영향이 클까요?2. 이와 관련되어 취업제한을 받지 않은 사람이 병원에 합격한 사례가 있을까요?"
조기취업수당 얼마 받을수있나요?,제가 실업급여 신청하고 1회차만받고취업해서 돌아오는 2월이 1년되는데66000원책정 되어있고얼마를 받을수있는지 계산이 힘들어서요답변부탁드립니다!
지거국 행정학과 공기업취업되나요,고2인데 제가 대학을 잘가도 지거국이에요 행정학과 희망하고있는데 행정학과에서 공기업 취업하는데 이점이 있을까요 추가적으로 준비해야하면 좋은게 있나요
위탁하면 고3이후 바로 취업 가능할까요?,고등학생 위탁하면 대학점프해서취업 바로 할 수 있나요??위탁 할 수 있음 하려구요
썬팅 배우는 법 / 썬팅샵 취업방법,안녕하세요 이번에 전역한 남성 입니다. 전역 후 취업을 알아보는데 썬팅 샵 같은데를 취업 하고 싶습니다.찾아보니까 썬팅을 알령주는 곳이 있더라고요이제 궁금사항 질문 하겠습니다.1. 썬팅학원 다니고 취업하는 루트가 어떻게 되는지 궁금합니다.2. 학원 안 다니고 썬팅샵에 취업할 수 있나요?3. 취업하면 몇 년 배우고 독립 하는 지 궁금합니다(대략)
취업알선 사기로 볼수 있을까요?,"안녕하세요. 24년 하반기쯤 친구(A)한테 괜찮은 회사가 있다고 하여 저한테 권유를 하였습니다.제가 당장 돈이 없어서  친구(A)가 지인(B)에게 1000만원을 입금 해줬습니다. 그렇게 시간이 흐르고 도중에 친구에게 소식을 들으면서 경기가 안좋고,지인(B)가 요즘 병원에 다닌다고 말을 해줬습니다.평소 저랑 친구(A)와 많이 친한 사이며 이 부분에 대해서 많은 대화를 하였고 기다리기로 하여 기다리다 보니 친구(A)도 이제 지인(B)랑 연락이 잘 안된다고 합니다.이럴 경우 지인(B)를 신고 할수 있을까요?마땅히 경찰서 가서 취업알선 당했다. 고소장 쓰겠다 그런거 뿐인가요?지금 친구가 가지고 있는 증거들은1.지인(B)에게 입금한 계좌이체 이력2.연락한 메세지 (약50%정도 보유하고 있음),나머지 50%는 만나서 대화를 한거라 증명을 할수가 없을거 같습니다.3.친구(A)도 당장 천만원이 없어서 자기가 마이너스통장에서 천을 빼고 아직 이자만 계속 내주고 있는 상황인데이럴경우 고소장을 쓸때  대출을 받은 이자도 같이 청구를 할수가 있을까요?무료법률 사무소도 찾아가볼까 하다가 , 가기전에 여기다가 질문해 봅니다"
실업급여 조기취업수당 질문,안녕하세요 제목과 같이 실업급여 조기취업수당 질문드립니다.제가 11월 17일까지 근무를하고 실업급여를 신청하려고하는데 17일에 실업인정 신청을하고 11월26일에 취업을 하려고하는데 조기취업 수당을 받을 수 있을까요?
취업제한 기간 종료 후 배달업 취업... ,"안녕하세요 19년도에 성범죄로 취업 제한 5년 선고 받은 뒤 5년이 지난 지금 배달 대행으로 취업하고자 했으나배달 플렛폼에서 범죄 경력으로 인해 취업을 제한한다고 합니다법원에서 선고한 시점이 19년도 이고 24년도에 소화물배송대행서비스사업에 종사할 수 없도록 하는 내용의 ‘생활물류서비스산업발전법’ 시행령이 생겼다고 하는데 이런 경우는 배달업으로 근무가 불가능한가요?애초에 재판에서 선고 당시 취업 제한이라는 기간이 정해졌었고 그 기간이 끝났음에도 새로운 법이 개정됐다고 해서 그 기간이 2중으로 연장되는 상황이면 법 자체에도 문제가 있다고 생각이 되어서 소송이라도 해야하는지 고민중입니다  관련태그: 고소/소송절차, 형사일반/기타범죄"
실업급여 마지막6차 도중 취업 후 퇴사,"실업급여 마지막 6차 10/10일입니다.9/15일에 입사, 회사와 맞지 않아 스트레스가 심해 면담 후, 10/20일에 퇴사하기로 했습니다.취업신고 후, 실업급여 신청을 미리 해놓는 도중 수급인정 신청이 되지 않는다는 것을 알게 됐습니다.이러한 경우에 남은 실업급여를 받을 수 있는 방법이 있을까요?아니면 실업급여 중 취업이지만 실업인정이 끝난 기간이라 실업급여 수급이 인정 되지 않는 경우일까요?연휴가 끝난 직후에 실업급여 마지막 인정일이라 확실한 정보가 필요하여 도움을 요청드립니다."
한국대학 졸업후 일본에서 취업,한국 대학 졸업후 일본에서 취업이 가능한가요? 이런 경우에는 어떤 루틴으로 보통 취업까지 가나요? 구체적으로 알려주세요
"국취제 취업성공수당, 조기취업수당과... ","국취제 취업성공수당 알아보니까 조기취업수당이라는 것도 있던데, 두 가지 중복으로 받을 수 있는지 궁금합니다. 제가 듣기로는 조기취업수당은 취업 후 3개월 이내에 신청하는 거라고 하던데, 만약 취업성공수당 조건에 맞춰서 취업하면 둘 다 받을 수 있는 건지, 아니면 하나만 선택해야 하는지 헷갈리네요. 혹시 두 가지 다 받아보신 분 있으면 경험담 공유 부탁드려요!"
SQLD 자격증 없이도 개발자 취업... ,"요즘 SQLD 자격증 없이도 개발자로 취업 성공했다는 이야기를 종종 듣곤 하는데요, 정말 자격증 없이도 가능할지 의문이 듭니다. SQLD 대신 다른 자격증이나 경험이 더 유리할 수도 있을까요? 주변에 비슷한 고민하는 친구들도 많아서, 여러분들의 다양한 의견 듣고 싶습니다."
"개인회생 시, 공무원 취업 문제가 생길수... ","안녕하세요. 제가 자영업 하다가 실패해서 빚이 2억 있습니다.현재 2년째 공무원 준비중인데.... 빚 때문에 부담이 너무크고 언제 붙을지도 몰라서요.* 공무원 취업 또는 기업 취업시에 문제가 될 부분이 있을까요?* 일단 제가 식당에 취업을 한다음에, 개인회생 신청하면 될까요? (안될 이유가 있나요?)* 개인 회생중에 공무원 취업 또는 고소득 직장에 취업시에, 개인회생이 취소되거나 변제금액(한달 월급에서 1인 최저생계비를 제외한 나머지로 알고 있습니다) 이 변화될수도 있나요?감사합니다."
실업급여 취업시,실업급여 인정 날짜가 2/20일인데 3/1일자로 취업하게 됐습니다. 실업급여를 받으려면 2/20일에 구직활동 2개를 해서 올려야 하나요?
위장취업 신고 시 포상금과 절차는... ,"한 사업장에 타인의명의로 위장취업시켜서 부정수급을 한 정황 및 증거를 가지고있습니다 신고한다면 포상금이 얼마나될까요?근로계약서를 가지고있고 해당 사업장이 어디에있고 휴대폰번호 이름 거주지 근로시간 근로내용 등 전반적인 모든게 적힌 계약서를 확보중입니다 신고를한다면 노동청에서 하나요??신고를 하게된다면 포상금이 어떻게될지 제일 궁금합니다 4대보험들어놓게 했어요관련태그: 기타 재산범죄, 노동/인사"
고교취업연계장려금과 국가장학금1유형... ,2022년도에 고교취업연계장려금 신청을 해서 받았었습니다. 올해 9월까지 회사 재직 후 퇴사하여 2026년도에 대학에 신입학하게 되었는데 국가장학금 1유형(학생직접지원형) 신청을 해도 되는 걸까요? 혹시 고교취업연계장려금이랑 국가장학금 1유형(학생직접지원형) 중복되면 안되는 것인지 모르겠어서 여쭤봅니다.
토목기사 취득 및 취업,"나이는 97년생으로 만 27세이고 작년에 졸업하며 지적학과를 나왔습니다. 현재 무경력이고 소지하고 있는 자격증은 지적산업기사, 지적기사, 전산응용토목제도기능사, 측량및지형공간정보기사, 1종 보통을 가지고 있습니다. 취업 고민이 한창인데 하반기 채용이 끝나갈 무렵인지라 지금 가지고 있는 자격증에서 더 보강하고 싶다는 생각이 들어 토목기사를 취득하고자 여러 곳을 찾아봤는데 현직에 계신 분들이 탈토목 해야 한다 너무 힘들다 하시면서 이쪽 길은 오지 않는 게 좋을 거라는 말씀들이 눈에 띄게 많이 보여서 질문드립니다.1. 비전공자가 토목기사를 취득하고 취업이 원활할지 궁금합니다.2. 토목 업계가 정확히 어떤 일들을 하고 있는지 궁금합니다.3. 토목의 미래 전망이 궁금합니다.4. 일의 강도가 어떤지 궁금합니다."
실업급여 취업신고 문의,2025년 12월30일에 회사에 취직하여 업무는 하지않고 근로계약서 작성만 했습니다2026년 1월2일 에 다시 근로계약서 를 작성 한다고 하는데 실업급여 취업신고 는 어떤 근로계약서 로 보내야 되나요???
개인파산후 취업,개인파산신청후 인가가 나면 일정시간이 흐른뒤4대보험되는 곳에서 취업이 가능하나요?
아청법 위반으로 벌금이나 집행유예 취업,"무조건 취업을 못하게 되는 건가요?공기업, 공무원, 교육 및 사회복지 기관에서는 범죄경력을 조회할 수 있고, 아청법의 경우 위반하여 처벌받는 순간 영구적으로 취업 불가라고 들었습니다."
성범죄 에너지 공공기관 취업 시 걸림돌,"성범죄(디지털)로 조건부 기소유예 처분을 받았습니다(잘못을 인정하고, 억울하지 않습니다. 반성도 많이 하고 있습니다.)1. 이 디지털 성범죄 기소유예가 전과는 아니지만, 취업에 있어 예상되는 걸림돌이 뭐가 있을까요?2.법적으론 불이익이 없어도 일단 보여지긴 할까요? 3. 일정기간이(5년정도?) 지나면 사라진다고 햤는데 그러면 수사기록에도 사라져서 정말 어떤 불이익 걱정도 안해도 될까요?4. 위 질문과 별개로 피해회복을 위한 노력을 위해, 제가 뭘 할 수 있을까요?"
조기취업수당 받고 다시 실업급여 받을... ,"실업급여를 받다가 취업을 했는데,이번 직장이 12개월 계약직입니다.그래서 25년 5월 16일부터 26년 5월 15일 계약인데이 계약 만기로 퇴사할 경우 조기취업 수당을 받고 다시 실업급여 신청이 가능한가요? 조기취업수당의 요건에 충족하는지 궁금합니다그리고 바로 다시 실업급여도 가능한지요?"
일본 취업 비자 관련 질문입니다,"일본에서 1년 간 취업비자로 일하다가 회사에서 연장을 못해준다고 해서 일자리를 찾아보긴 했지만 결국 기한내에 찾지 못해 일단 한국으로 돌아가게 됐는데요문제는 이미 집은 계약이 끝나있고 짐도 다 보내놔서 월세는 계속 내야 하는 상황. 어떻게든 일자리만 구하면 되겠지만 일단 일본에 다시 가는 걸 생각하고 있는데여기서 질문입니다. 관광비자로 최대 90일 간 채류가 가능한 걸로 알고 있습니다.일단 한국으로 돌아간 후, 곧바로 관광비자로 일본에 다시 왔다가 취업 결정 후 취업비자를 받을 수 있을까오?"
국가근로장학금 취업연계 질문,제가 겨울방학때 취업연계국가근로에 지원하려고하는데 지원하려면 국가근로장학금(상시신청/일반유형) 신청해야한다고 하거든요?? 근데제가8월에 국가근로장학금을 신청해놧는데 저거 햇으면 상시신청/일반유형은 신청할필요없나요?? 신청버튼이 활성화안돼서요!
성범죄 기소유예 시 택배 및 운송업 취업... ,"저는 사건종료된지 3년이 되어가고 있습니다그동안 생활해보니 공무원, 공기업들은 모르겠지만 일반적인 중소 사기업에서 일하는 경우에는 제한이 없었습니다.성범죄 기소유예시 버스, 택배 및 화물운송종사자격증 취득이나 취업에 제한이 있는지 궁금합니다.성범죄 기소유예시 택배 및 화물운송종사 제한 관련만약 제한 해당이 없다면 어느 처벌부터 제한이 되는지 궁금합니다  관련태그: 성폭력/강제추행 등, 형사일반/기타범죄"
30대 뇌종양이면 취업 못하나요?,"취업 준비 중에 뇌종양 진단을 받게 되어 향후 직업을 갖는 데 있어 의학적, 제도적 제약이 있을지 걱정됩니다. 뇌종양 수술이나 치료 이력이 일반적인 기업의 채용 신체검사에서 결격 사유가 되는 경우가 흔한가요? 치료 후 인지 기능이나 신체 능력이 회복되었다는 전문의의 소견이 있다면 정상적인 업무 수행이 가능한가요? 완치 후 직장 생활을 할 때 뇌압 조절이나 정기 검진을 위해 직무상 배려받아야 할 점이 있는지 궁금합니다."
연류가 됫는데 경비에 취업이 되나요?,04년 8월에 사기죄로 억울하게 연류가 되어서 벌금 700만원 받았고  처분결과가 11월 29일 입니다  지금 경비에 취업이 가능할까요? 몇년이 지나야 취업이 가능한지 궁금합니다
국민취업지원제도 1유형 문의,"국민취업지원제도 1유형 참여중인데 2.23일 입사후 2,26일에 회사 나왔는데 다시 기존에 받았던 그대로 이용가능한가요????"
취업규칙과 근로계약서 중 뭐가 우선시... ,"안녕하세요. 근로계약기간 관련하여,취업규칙에는 근로계약기간은 기간의 정함이 없는것과 일정한 사업완료에 필요한 기간을 정한것, 법개정 등 기타사유를 제외하고는 2년으로 한다. 라고 되어있고근로계약서에는 1년으로 기간이 기재되어 있습니다.이 경우 어느 쪽이 우선시 되는지 궁금합니다."
성범죄 취업제한,"피고인을 징역 1년 2월에 처한다.다만, 이 판결 확정일부터 2년간 위 형의 집행을 유예한다. 피고인에게 40시간의 성폭력치료강의 수강을 명한다.공개ㆍ고지명령 및 취업제한명령의 면제피고인의 연령, 직업, 재범위험성, 이 사건 범행의 종류, 동기, 범행과정, 결과 및 범행 후의 정황. 공개명령 또는 고지명령으로 기대되는 성폭력범죄의 예방 및 피해자 보호 효과와 피고인들이 입게 될 불이익 및 예상되는 부작용을 종합하여 고려하면, 피 고인들의 신상정보를 공개. 고지하거나 취업제한을 명하여서는 아니 될 특별한 사정이 있다고 판단된다. 따라서 성폭력범죄의 처벌 등에 관한 특례법 제47조 제1항, 제49조 제1항, 아동ㆍ청소년의 성보호에 관한 법률 제49조 제1항 단서, 제50조 제1항 단서, 제56조 제1항 단서, 장애인복지법 제59조의3 제1항 단서에 따라 피고인에 대하여 공가 . 고지명령 및 취업제한명령을 선고하지 아니한다.이러한 주문을 받은 상황에서 유치원 근무 가능한가요?유치원측에서 [성범죄 경력 및 아동학대관련범죄 전력 조회 동의서]를 요구하여 질문드립니다."
국민취업지원제도 구진촉진수당,"안녕하세요 30대 초반 만 30세, 의료급여 수급자 입니다국비지원으로 학원 다니는 중인데 3월달 초에 졸업을 앞두고 있고 알바랑 병행해서 하다보니 야간반 입니다국민취업지원제도를 몇년전에 신청해서 했었던 거 같은데 그땐 2유형으로 들어가서 촉진수당 못 받았습니다중간에 취업해서 끝냈던걸로 기억나요등본상에 세대주로 저 혼자구요알바라 월급이 불규칙한데 평균 150 - 170 정도 합니다올해 5월 - 7월달에 알바 그만두고 쉬엄쉬엄 할겸 다시 신청할려고 하는데 1유형으로 구진촉진수당 받을 수 있을까요 ?올해에 지원금이 올라서 60만원이라고 알고있는데 지원금 깎이지 않고 다 받을려면 알바로 최대 얼마까지 벌 수 있을까요 ? 소득신고 해야하는건 알아요 !"
학원 취업 성범죄 경력 조회서,학원에 강사로 취업하게 됐는데 경찰서에서 성범죄 경럭 조회서를 발급받아 오라고 하셔서요가기 전에 준비해야 하는 서류가 있나요?그리고 만약에 집과 학원이 인천이면 인천 외 지역 경찰서 (예를 들어 서울에 있는 경찰서) 에서 발급 받을 수는 없나요?
"경영학과 취업 준비, 자격증부터 따야... ","이제 막 경영학과 2학년 올라가는데요, 주변에서 자격증 준비하라는 얘기를 많이 들어서요. 전산회계나 재경관리사 같은 자격증이 취업에 정말 도움이 될까요? 아니면 다른 스펙 쌓는 게 더 중요한가요? 자격증 공부 시작하면 시간 많이 뺏길 것 같아서 고민입니다. 혹시 자격증 없이도 취업 성공한 선배님들 사례나, 자격증 준비하면서 같이 하면 좋은 활동들 추천해주실 분 계신가요?"
개인회생 변제금 납부 중 해외취업,제가 개인회생을 신청하여 23년 7월에 인가받았고 23년 9월에 법원집회도 끝내고 지금까지 변제금을 꾸준히 납부중에 있어요 연체 일절 없구여 그 사이에 일때문에 해외도 다녀왔기 때문에 출국금지 같은거도 없었구여 그런데 제가 이번에 해외지사로 발령을 받아서 호주로 취업을 하게 되었어요 그런데 회생 변제금 납부중 지금 상황에 해외취업이 가능한가요??
국민취업지원제도 질문이요,지금 나이가 20대이고요. 국민취업지원제도 신청하려다가 즉시 취업이 어려운경우라는 질문이 있더라고요. 제가 자격증을 준비중이긴한데 1유형으로 신청하고 있습니다. 이런경우도 신청 받아줄까요?
작업치료과와 스포츠 재활과 취업,현 고등학교3학년입니다 수시로 부천대 작업치료과나 유한대 스포츠재활정도 고민하고 있는데 물리치료과에 가고싶었지만 성적이 안 되서 위 학교들을 희망하게 되었습니다.졸업후 재활 관련 분야에서 일을 하고 싶은데 스포츠 재활과는 보건 계열이 아니라고 해서 취업이 어렵다고 들었습니다. 무조건 전과를 준비하는게 나을까요? 굳이 두 학과중 고른다면 작업치료가 나을까요 스포츠 재활이 나을까요?
소방안전관리자2급 자격증으로 취업가능... ,소방안전관리자2급 자격증을 취득시 취업가능한곳이 궁금합니다.69세로 취업도 가능할까요?
취업 시 민사소송 기록 제출 요구 가능성은?,"소액민사소송에 걸려 소 중간에 합의하고 1000만원의 부채를 갚았습니다. 법원 확정판결 or 이행권고결정이 확정되었을때, 미래에 취업시 제한이 온다거나, 아니면 회사측에서 민사관련 자료를 제출하라고 할 수 있나요? 그랬을 때 기록이 남게 되나요? 향후 사기업뿐 아니라 공기업, 공무원이 되었을 때에도 전혀 문제가 없는 건지 궁금합니다. 형사소송 관련해서는 없습니다.   관련태그: 고소/소송절차, 형사일반/기타범죄"
취업방해죄 성립 여부와 보상 가능성은?,"20년 7월 말 부터 23년 8월 중순까지 A 회사를 다니다가 이직을 하여 B회사에서 일을 하던 중 23년 말쯤에 A회사 대표가 회사를 매매하여 대표가 바뀌게 되면서 저에게 다시 A회사에서 같이 하자는 제안이 들어와 그렇게 하기로 하고 B회사에서 퇴직 준비를 하고 24년 2월초인지 중간쯤 B회사를 퇴직을 하게되었고 다시 A회사를 입사하려던 중 갑자기 그때는 무슨이유인지 모르겠으나 조금 기다려달라 라는말만 듣다 24녀 4월경 약 1~2주 정도를 알바로 먼저 들어갔다가 알바를 하던 중 다시 나오지 말라는 연락을 받았습니다. 그러던 중 A회사를 인수한 대표가 2명이라는것을 알게되었고 2명중 1명이 반대 1명이 찬성하여 어찌저찌 6월초에 근로계약서를 쓰고 근무를 하고 26년 1월 4일자로 퇴직을 하게 되었는데 알고보니 A회사를 매매할 때 매매계약서에 저를포함 총 6명의 이름이 들어간 취업금지조항을 대표 2명중 1명이 계약서를 썼고 나머지 1명은 모르는 상태로 저를 채용하게 된 것이었습니다. (모르고 있던 대표는 다른대표와 마찰이 있어 25년도 1분기에 지분을 뺌) 이로인해 A회사를 들어오려고 괜히 B회사를 그만두고 대기하는동안 생활비 등의 비용이 들어 대출을 받기도 하였고 경제적으로나 정신적으로나 A회사의 전 대표와 매매계약서를 작성한 2명중 1명의 대표에게 피해를 받았는데 이것이 취업방해죄가 성립이 되는지, 된다면 보상을 받을 수 있는지에 대해 상담을 요청합니다. 사건발생일은 그 즈음에 매매계약서를 작성한 것으로 들었습니다.  관련태그: 고소/소송절차, 형사일반/기타범죄, 노동/인사"
집행유예 중 보안 분야 취업 가능할까요?,"24년도에 집행유예 2년을 선고받고 26년 5월 31일에 집행유예가 종료됩니다. 성폭력, 폭행 건은 전혀 아니구요. 혹시 집행유예 기간이 끝나기 전에 경호 경비 보안쪽으로 취업을 하고 싶은데, 집행유예 기간 중에 배치신고를 하고 일 할 수 있을까요? 유예기간이 끝나야 배치신고가 가능할까요? .....................................관련태그: 수사/체포/구속, 형사일반/기타범죄"
2026년도 F4비자로 주유소에 취업가능... ,2026년도. F4비자로 주유소에 취업할수 있습니까?
시에는 취업후상환장학금을 취소해야... ,"안녕하세요, 일요일에 학자금대출 통합 신청을 승인받았습니다.일반상환, 취업후상환 두가지 말입니다!현재 학자금 지원구간 미산정으로 심사중인데요, 8주 내외 정도가 걸린다고 알고 있습니다그런데 등록금 납부는 2월 초입니다이런 경우에는 취업후상환을 취소하고 일반만 신청한 후에 취업후상환 전환 대출을 따로 신청해야 할까요?아니면 둘다(일반, 취업후) 신청한 상태로 그대로 두고, 취업후상환 전환 대출을 신청해야 할까요?"
실업 급여 수령 중 취업,제가 현재 실업급여 수령 중인데 3차 까지 받고 4차 실업급여 수령일이 3/12일 입니다. 근데 제가 다음주 3/10일부터 일을 시작해야될것 같은데 2일차로 실업급여를 못받나요? 아니면 2일치 제외하고 들어오나요? 그리고 만약 기존 받아오던 실업급여에서 2일치 제외하고 받을 수가 있다면 3/12일에 정상적으로 들어오나요? 아니면 몇일이나 몇달뒤에 이월되서 받는건가요? 궁금랍니다.
취업성공패키지 취업하면 지원금 질문,취업성공패키지 지원금을 신청 후에 취업을 하면 지원금은 못 받는건가요?그리고 취업하면 취업했다고 재직증명서를 내야하는 건가요?
일본 미술 대학나오면 한국 취업이 많이... ,"일본 미대 준비중인 고등학생입니다.저는 일본의 그림의 느낌이 좋아서 미디어나그래픽과 쪽으로 유학을 생각하고있었는데,최근들어서 일본 유학에 취업관련한 메리트가 없다는 사람들을 많이 봐서 고민중입니다.먼저, 저는 일본에 아예 정착하고 싶은 마음은 없습니다.하지만 학원에서도 일본대학을 가면 적어도 이름있는 기업에서 3-4년은 일하고 돌아와야 국내 취업이 가능해진다고 말씀하셨습니다. 일본에서 대학을 나오고 3-4년 대기업에서 일을 했을때 한국에서 취업이 힘들까?이 고민이 큽니다.가능하면 현재 일본 미대관련 전문가이시거나 경험하신 분께서 답해주셨으면 좋겠습니다감사합니다!"
"스토킹처벌법 벌금형, 공공기관 취업에... ","스토킹처벌법으로 약식기소되어 300만원 벌금형에 벌급완납시 공공기관 취업시 결격사유에 성폭력범죄 벌금 100만 원 이상시 결격사유라면 스토킹 처벌 벌금형도 성폭력범죄로 처벌 받은걸로 되나요?? 포함되지않고 별개인가요 헷갈리는 부분이 많아서 정확한 답변이 필요합니다 사람마다 말이 다른것같아서요 아그리고 2년이지나면 형이 실효가된다고하던데 그러면 2년이지나면 취업시 범죄경력조회에 안뜨니까 어떠한 불이익이나 결격사유에 해당하지 않나요?스토킹처벌법이 성범죄에 해당하는지 알려주세요 ㅇㅇ  관련태그: 노동/인사, 성폭력/강제추행 등, 미성년 대상 성범죄"
집유 끝나고 공공기관 취업 질문,"추행으로 1년징역에 2년 집유받았고집유끝난지 2년이 지나 공무원 결격사유는 끝난상태인데공공기관에 취업하게 되었는데민감정보제공 동의서를 받는데(범죄경력, 수사, 수배 조회자료)가 포함되더라구요여기에 제 전과가 뜨나요 해당없음으로 뜨나요?(결격끝났으며 취업제한 받지않았습니다)"
B형 간염 보균자 취업 가능 병원 질문,B형간염보균자입니다 요양병원.재활병원에 병원에 취업이 안되나요
미국 간호사 취업,한국에서 대학 다니다가 미국 시험 봐서 간호사로 들어갈 순 있지만 미국 대학 다니면서 회화나 커뮤니케이션을 해보고 싶어서원래는 한국에서 간호대 3년을 다니고 유타대로 편입할 생각이었는데 영주권이 걸리더라고요. 취업비자 받아서 일 한다고 하더라도 비자 끝났는데 아직 영주권이 안 나오면 일을 못 하잖아요.1. 보통 한국인이 미국에서 간호학과를 나오면 어떻게 취업 하나요?2. 혹은 유타대에서 연결해주는 병원이라던지 다른 방법이 있나요?3. 졸업 후 다시 한국 들어와서 2년 일 하면서 영주권 기다렸다가 들어가나요? 임상 경험도 플러스 요인이 되니까요.
장애인취업,취업할때도 경증장애인보다 중증장애인이 더 취업이 잘 되나요??아님 그 반대인가요?
취업후 학자금 대출,안녕하세요 올해 대학교 가는 신입생입니다늦은 나이에 대학을 가는데 제가 개인워크 아웃 중인데취업후 학자금이 가능 할까요?자립준비 청년이긴 합니다만그리고 학자금 지원 구간이 1분위 던데 그러면 국장이랑 취업후 학자금 얼마느 지원 가능 한가요?생활비 대출도 가능 한가여?
간호학과 4학년 취업 성적반영 문의,안녕하세용 간호학과4학년이 됐는데요 4학년1학기가 끝나면 1학년때부터 4학년 1학기까지의 성적을 가지고 2학기때부터 면접을 보러다니잖아요?? 근데 만약에 바로 취업 안하고 다른 일을 먼저하고 나중에 병원에 입사하겠다하면 그때도 4학년1학기까지의 성적으로 면접을 보나요? 아니면 4학년2학기까지 보나요?
자격증취업,"현재 자격증 준비하는 고1입니다. 한글,엑셀, 파워포인트 다 있는데 성적이 BAA라서 한글A를 따려고 준비중입니다.준비하다 문득 든 생각인데 자격증이 나중 취업에 얼마나 영향을 주는지가 궁금해 졌습니다. Q1 자격증 중에서는 한글 자격증을 많이 중요시 하나요?Q2 자격증이 취업에 영향을 주나요?"
국민취업지원제도 신청하면,국민취업지원제도 신청하면 돈 그냥 매달 60만원씩 나오나요? 공시생이고 자격증은 따 놓아서 공무원 시험만 보면 되는 건데 생활비 하고시ㅍ습니다 정보 아시는 분 있으시면 도와주세요!
"폭행 불송치 기록, 취업에 불이익이... ","안녕하세요, 3년 전 친구와 다툼으로 인해, 사건이 있었다 친구가 잘못을 인정하고 처벌 불원서를 통해 폭행 불송치 (공소권 없음) 을 받았습니다. 범죄경력조회서에는 전과가 아니라, 조회되진 않지만, 수사경력자료에서는 조회되는 것을 알았습니다. 5년 내에 지워진다 하지만, 취업을 그 전에 해야 하는 상황이라 몇가지 질문 좀 드리고 싶습니다.1. 「형의 실효 등에 관한 법률」 제6조 제1항 단서에 의거, 위와 같이 이미 종결된 수사 경력자료가 일반 공기업이나 국가보안시설 신원조사 시 회보 범위에 포함되는지 궁금합니다.해당 기록이 전과가 아님을 인지하고 있으나, 채용 단계에서 인사팀이 이를 인지하거나 불이익을 줄 수 있는 실무적 가능성이 있는지 확인 부탁드립니다.2. 국정원이나 군 간부 등 특수 직군, 보안 시설 공공기관 경우에는 신원 조회를 통한 수사경력자료 까지도 조회할 수 있다고 그러는데, 여러 기업의 결격 사유에 대해서는 성립하진 않는거 같습니다. 하지만 이런 기업이나 직군에 도전하는 경우, 기록이 존재하는 한 불이익이 있을까요?3. 금융공기업 같은 기업에서의 결격 사유는 주로 경제 범죄인거 같은데, 저 같은 경우, 제 꿈을 잃지 않고 그냥 하루를 다시 열심히 살아가도 될까요?4. 일반적인 경우, 경찰청을 통해 신원 조회를 한다고 들었습니다. 이 때 경찰청이 인사담당자가 결격사유여부에 대해서 적격/부적격 회보식으로만 알려주는건지, 수사경력이 아닌 범죄경력조회서를 통한 적격 부적격 회보식인지, 그렇다면 불이익이 없을지 궁금합니다.5. 해외여행 결격사유가 없으신 분 <- 이 부분에 대해서, 비자를 받을 수 있는지, 여권이 당장 발급 가능한지 정도 알고 있습니다, 미국 캐나다 같은 특정 나라에서 저 같은 경우는 발급이 어려워 채용 불이익이 있을까요?취준생인데, 미숙한 지난날에 대한 후회와 너무 힘들어서, 하루 종일 우울해있습니다 도와주세요 ..  관련태그: 고소/소송절차, 형사일반/기타범죄"
내일배움카드 취업 의무?,"내일배움카드로 지게차 학원비 수강하려고 하는데요, 혹시 자격증 수료한 이후에 취업 무조건 해야되는 건가요???그냥 자격증만 취득목적으로 지원 받으면 안되는건가요?"
대학교 3학년에 취업하면 자퇴밖에 답이... ,대학교 3-1 학기나 3-2학기 때 취업하면대학은 자퇴밖에 답이 없나요??학교에서 온라인으로 강의 대체해주거나 하는건거의 없겠죠?
기소유예가 미국 비자와 취업에 미치는... ,"24/1/1에 고소당했고, 24년 가을 겨울쯤 기소유예를 받았습니다.(초범) 제가 해양대에 진학하게 되어서, 28년에 배를 타는데 이때 비자가 발급되지 않으면 어쩌나하는 걱정이 듭니다. 그리고 이 전과가 29년 취업때도 악영향이 있진 않을까하는 생각도 듭니다. 5년이 지나지 않은 상태일 때, 이 전과가 선사에 취업, 미국 비자 등에 영향이 있는지 궁금합니다. 관련태그: 고소/소송절차, 형사일반/기타범죄"
실업급여 조기취업수당?,안녕하세요.실업급여 수급중 취업을 하였습니다. 조기취업 수당을 받을려면 1년이상 회사에 재직해야하는데사정이 생겨 옛날에 근무했던 회사로 이직할려고 하는데1년 전했던곳 말고 3년전 했던곳입니다.- 3년전 했던 곳 가서 4대 보험 공백없이 근무하면 -> 조기취업수당 받을수 있을까요 ?
"실업급여 중 취업, 남은 기간 어떻게... ",실업급여 받는 중에 취업이 되면 남은 급여는 어떻게 되는지 궁금합니다. 만약 6개월 받던 중에 3개월 차에 취업이 되면 나머지 3개월은 못 받게 되는 건가요? 아니면 취업 후에도 계속 이어서 받을 수 있는 건지... 그리고 취업한 직장에서 또 그만두게 되면 다시 실업급여 신청이 가능한지도 알고 싶습니다. 이런 경우 겪어보신 분들 조언 부탁드려요!
국비학원 취업센터,국비학원 다니면서 취업센터에 상담도다니면서 지금은 학원수업 다끝나고 센터에서 주는 수당도 다 받았고 이제 센터에서 포폴확인해서 피드백받고 본격적으로 면접 준비하라던데 센터에서 면접보라는거 무조건 꼭 봐야되는건가요?안보면 불이익이 있을까요
국민취업지원제도 미참여자... ,"안녕하세요 작년 대학원 졸업후 취업에 성공한 20대 사회초년생입니다.작년 7월경 국민취업지원제도 1유형을 신청하였는데,자격 미달로 미선정되었습니다. 상담사 분 께서 ""지원금이 나오는것은 아니지만, 2유형으로 변경해서 신청해 드릴까요?""라고 권유 하였고저는 거절을 하였습니다.그 후 8월에 취업에 성공하여 재직한지 6개월이 지났습니다.취업후 6개월이 지나면 취업성공수당이라는 것을 받을 수 있다고 하는데,저는 대상이 아니라고 나옵니다.국민취업지원제도 참여자가 아니라면 어떠한 경로라도 지급이 안 되는것일까요?아니면 6개월이 지나고 익월에 신청대상으로 바뀌는 것일까요?답변해주시면 감사하겠습니다."
장애인으로 강제 취업,제 친엄마가 제가 뇌전증 중첩증이 생겨서 그거로 약물 복용 기간으로만 6개월정도 이상 먹으면 장애인으로 만들어낼수 있다는걸 시청에서 알아보고 온 뒤로 저를 제가 원하지 않는 곳으로 강제취업 시키려고 해요 저는 현재 병원행정직 취업 준비중인 취준생이고요 엄마는 제가 어릴때부터 신체적 정서적으로 학대를 하고 폭력을 휘두르며 지냈는데 학교에 알렸음에도 전혀 보호조치를 받지 못했어요 성인이 되어서도 지속적인 언어폭력 신체폭력 정서적폭력을 하는 중인데 제가 뇌전증으로 인해 반항한다고 생각하는 엄마와 아빠의 이유만으로 장애인으로 강제적으로 만들수있나요?아래 사진들은 언어폭력과 신체폭력 관련된 증거내용입니다 트라우마를 잊을수 있는 방안도 알려주세요 현재 20년동안(게시자 나이 만 23세)트라우마에 시달리고 있습니다...ㅠㅠ
중소기업취업연계장학금 직업심리검사... ,중소기업취업연계장학금을 수혜한 신규장학생이어서 직업심리검사 결과를 증빙자료로 제출하려하는데 증빙자료에 생년월일이 포함되지 않아서 불안합니다한국장학재단에서는 이름과 생년월일등이 포함되어야 한다는데 생년월일이 포함되는 증빙자료가 없습니다 ㅜㅜ어떻게 제출하면 좋을까요?
실업급여도중 취업 관련 문의,6차 실업인정 기간에 실업인정 신청을 안 하고 그 후 취업을 했습니다 물론 7차도 안 할 거고요 취업사실 신고를 하라는대 꼭 해야할까요? 남은 일수에 관한 급여나 취업전날까지의 급여는 안 받아도 괜찮은데요..
실업급여 2차 취업특강 실업인정... ,"실업급여 2차 취업특강만으로 구직인정 되나요? 입사지원x, 면접x2-3년 전에도 실업급여 받은 적 있는데, 그 때 취업특강 2-3개 정도 들은 것 같아요.취업특강 횟수 3회까지 인정된다는 말이 있던데,이번에는 적용이 안되는건가요?"
공기업 회계팀 취업시 스펙,공기업 회계 분야 취업 희망하는 대학교 1학년 학생입니다. 1. 공기업 회계분야로 취업하려면 어떤 자격증을 취득해야하나요??2. 공기업에서 일하려면 공무원 준비해야하거나 그런건 아니죠?
문과 취업 난이도,문과는 취업이 거의 불가능 하다는데 진짜 그정도인가요?지금이라도 이과로 틀려고요
조기취업수당 받으려면 꼭 알아야 할... ,"얼마 전에 실업급여 신청하면서 조기취업수당이라는 걸 알게 됐는데요. 이게 정확히 어떤 조건들이 충족돼야 받을 수 있는지 헷갈려서요. 특히 재취업 후에 얼마나 오래 일해야 하는지, 그리고 중간에 잠깐 쉬는 기간 없이 계속 일해야 하는지 궁금해요. 또, 만약에 일하다가 중간에 이직하게 되면 어떻게 되는지도 알고 싶어요. 주변에 물어볼 사람이 없어서 답답한 마음에 질문 올려봅니다. 혹시 최근에 신청해보신 분 있으면 경험담도 듣고 싶어요!"
오픽토스 점수 없이도 금융권에 취업... ,"제가 오픽이나 토스 시험을 치르지 않았는데, 이러한 어학 점수 없이도 금융권에 취업할 수 있는 방법이 있을까요? 다른 역량이나 경험을 어떻게 강조하면 좋을지 조언 부탁드립니다."
2025 취업박람회 현재 진행중인 것?,안녕하세요  2025 취업박람회 하반기 지금 하는 정보 있을까요?지역은 서울권이고 채용정보나 취업을 희망하고 있습니다. 취업박람회나 채용박람회 통해 정보 얻고 오프라인으로도 의향이 있습니다. 좋은정보 알려주세요 !
실업급여 수급 중 취업,실업급여 마지막 수급 신청일이 6/23일인데 새로 취업한곳 입사일이 6/20일 입니다. 하루라도 일찍 취업이 되면 수급일에 실업급여 신청하지 말고 재취업 신고를 해야할까요? 2-3일 차이 밖에 안나는데 그냥 실업급여 신청하면 안될지...고용센터에 물어보니 하루라도 빨리 취업했다면 수급일에 실업급여 신청하지 말라는데요. 혹시 신청하면 날짜 차이 만큼 다시 돌려줘야하냐 물어보니 그런건 아닌데 부정 수급 조사가 나갈수 있다 그러는데 어떤 조사인지는 구체적으로 알려주지를 않네요. 추후 다시 실업급여 신청시 불이익을 당하냐 물어보니 그것도 아니라는데...제가 이럴 때 23일 실업급여를 신청해버리면 불이익 당하는게 있을까요? 금액이 덜 나오는건 괜찮은데. 재취업으로 신고하면 취업전까지 날짜 산정해서 받는데 오래걸리더라구요. 문제가 있을까요?
입영통지서 취업,입영통지서를 받은상태인데 현역으로 산업체 취업가능할까요?
제과제빵 유학 / 취업,"안녕하세요 현재 3년제 전문대에서 제과제빵을 배우고 있는 대학생입니다 제가 원래는 졸업 후 바로 일본 유학을 가는게 목표였는데 생각해보니 경력도 없는데 바로 유학을 갔다오는게 괜찮을까, 많이 배울 수 있을까 하는 걱정과 함께 만약 유학을 갔다오면 취업을 할 수 있을까? 하는 고민이 생겼습니다아무래도 전문대는 빨리 기술을 배우고 취업에 활성화된 느낌이라 졸업 후 취업을 하는게 안정적인 선택이지만 저는 이 분야에 대해 더 배우고 싶기도 하고 다른 나라의 제과제빵 문화와 다양한 공정에 대해 경험해보고 싶은 마음이 커서 유학을 생각했는데 과연 이 길이 괜찮은가 하고 다시 한번 더 생각하게 되더라고요 다른 분들의 정보를 들어봐도 취업 후 퇴사하고 유학 가신 분들이 많아서 경력을 쌓고 가는게 맞는 선택인가 싶습니다. 정말 고민 중이라서 글을 길게 써버렸네요 죄송합니다 ㅠ결론 = 전문대 졸업 후 일본 유학 가도 괜찮은가? 취업 후 퇴사하고 유학 가는게 더 나은 선택인가?유학 광고나 어학원 광고 답변 말고 진짜 제과제빵 업계에서 오래 일해보신 분들이나 제과제빵에 대해 잘 알고 계시는 선배님들께서 답변 해주시면 정말 감사하겠습니다."
실업급여 조기취업수당 관련문의요!,안녕하세요실업급여 5회차까지 받고 취업중인 사람입니다.혹시 저도 조기취업수당을 받을수있는지 궁금해요ㅜㅜ
미성년자 의제 후 취업과 유학 준비 방법은?,"만 21살 때 미성년자 의제 및 아청을 저지르고 제작년에 집유 받고 재판을 끝냈습니다.이런 상황에서 학업에 복귀를 하였는데, 유학 및 취업과 관련해서 많은 애로사항이 있을 것 같아 심히 걱정이 됩니다.어리석어 스스로를 고난길에 넣은 잘못이 크지만, 그럼에도 좋은 방법이 있는지 많이 공부하신 분들께 여쭤보고 싶습니다.1. 해외여행에 결격사유가 있는자 문항에 저는 해당이 되는 것으로 생각되는데, 어떻게 준비를 해야할까요2. 비자 및 여권 발급에 문제가 있을까요3. 여행 같은 경우는 어떻게 준비하나요4. 대기업 및 중견기업 취업은 힘들까요  관련태그: 미성년 대상 성범죄, 형사일반/기타범죄"
조기취업수당 해당되나요?,14년간 다니고있는 회사에 매출이 줄고 일이없어현재 출근만 할 뿐 일이없어 시간만 보내는 상황입니다.다시 일이 많아지려면 얼마나 걸릴지 모르는 상황에서 권고사직을 받아야하는 상황이라 사직 후 실업급여를 신청하려합니다.구직 기간 내에(최대 8개월로 알고있습니다) 퇴직한 회사에 일거리가 생겨 다시 재입사 하게되면 조기취업수당 자격이 되는지 알고싶습니다다른 직장을 알아보긴하겠지만 장기간 일한 직장에서 다시 불러준다면 재입사 의향이있어 문의드립니다.
이탈리아 워홀 비자 취업비자,이탈리아로 워홀을 가고싶은데 취업비자를 따로 신청해서 6개월말고 더 일을 할 수 있을까요?
보건복지부나 건강보험공단에 취업하는... ,올해 보건행정학과에 입학했는데 병원취업보다는 보건관련 공무원이 되고 싶습니다. 1학년때부터 천천히 준비하고싶은데 도움주시면 감사하겠습니다^^
"취업 준비가 너무 힘들 때, 잠깐 쉬어가도... ","매일 반복되는 취업 준비에 지쳐가고 있어요. 자격증, 면접, 자소서까지 챙기려니 정말 멘탈이 붕괴될 것 같아요. 주변 친구들은 하나둘씩 취업하는데 저만 뒤처지는 것 같아서 더 초조해지네요. 혹시 여러분은 취업 준비하면서 지칠 때 어떻게 힐링하셨나요? 잠깐 쉬어가도 괜찮을지, 아니면 끝까지 버텨야 하는지 여러분의 경험이 궁금해요."
비전공자가 대전VMD학원다니고 취업할... ,"안녕하세요. 전공은 경영학과지만 최근 매장 VMD에 관심이 생겼습니다.  졸업학년이라 부전공을 하기에는 늦었다고 생각되서 학원을 알아보고 있는게 이게 맞는건지 걱정돼서 질문남겨요.   1. 비전공자도 취업할 수 있을까요?  2. 잡코리아나 사람인에서 검색해보면 포토샵, 일러스트, 2D 캐드, 맥스 등등 있던데 뭘배워야할까요?   부모님은 저 하고싶은거 하라면서 알아보라고하는데 만약 학원을 다닌다면 VMD를 전문적으로 배울 수 있는곳이 있을까요?"
취업지원제도,취업지원제도 신청을 했고 한달에 지원금50만원씩 주는거로 알고있는데어떻게 받는걸까요 저기에 선정이 되야 받는건가요아니면 일을 시작을해야 받는건가요 ?
국비지원 수업시작하고 국민취업지원제... ,국비지원으로 수업듣기 시작했는데 수업듣기 시작한 뒤에 국민취업지원제도가 있는걸 알게되었는데 수업듣기 시작한 이후에 국민취업지원제도 신청해도 되나요?
국민취업제도1유형 & 내일배움카드,"국민취업제도 1유형에 선발이 되었어요. 바로 취업준비를 하는게 아니고 내일배움카드로 평소에 하고 싶었던 배움학원을 다니려고 합니다.이럴 경우엔 학원수강 자체가 구직활동으로 해당이 될까요?대부분 이력서 제출이나, 직접 면접도 가면서 구직 활동을 한다고 하더라구요.저 같은 경우는 학원을 다니면서 자격증을 따고 나서 구직활동을 하게 될거라서요이럴경우는 어떻게 하면 될지 답변 부탁드립니다^^"
취업신고 후 지급금액 언제 되나요?,제가 22일 실업인정일인데 20일에 취업을 해서 신청한지 13일이 다 되어갑니다혹시 지급은 언제되는지 알 수 있을까요?고용24어플에서는 계속 처리중이라고 하는데 조금 더 걸리는걸까요?만약 그게 아니라면 언제 받을 수 있나요?
실업급여 취업,실업급여 타는 중에 취업 해서 취업증명서를 오늘 제출했습니다 그럼 혹시 이전까지의 급여를 언제 지급 받는지 알 수 있을까요 ? 원래 실업급여 날짜에 지급 받는걸까요
실업급여 끝나고 취업,안녕하세요.제가 25년 11월 25일 - 25년 12월 24일로 6차 실업급여가 완전히 끝납니다.12월 초에 면접을 보고 26년 1월 2일 금요일에 출근 할 수 있냐고 연락이 와서 1월 2일부터 근무하게 되었는데 취업예정신고 하고 실업급여를 받을 수 있을까요??? 실업급여 끝나고 취업을 하는 거라서 실업급여 받을 수 있겠죠???
캐나다에서 한국 취업,현재 전 만 17세 학생이고요 22년도에 캐나다에 와서 부모님과 유학생활을 하고있습니다.캐나다에서 영주권을 취득후 대학을 졸업한후에 한국국적으로 한국에 와서 취업을 해도 되나요?
출소후에 사람의 취업은 어떻게 하나요?,제기 아는 사람이 징역 2년 7개월정도 친족 성추행 죄로 들어 갔는데요..(참고로 내년에 나옵니다)만약 이렇게 출소한 사람은 혹시 어떤데서 취업이 가능할까요…?그리고 이런말 좀.. 무겁고 하면 안되는거 알지만… 혹시나 이런 출소자가 받을수 있는 지원이나 혜택이 있을까요..?(죄송합니다...)
취업시 범죄경력조회 동의v체크시,발전소 하청 건설쪽에 취업하려합니다보통 출근당일 교육같은거 1-2시간받고중간에 몇장의 서류작성하지 않습니까?인적사항등등. 그부분중에범죄경력조회 동의 체크하는부분이 있는데그곳에 의무적으로 체크하는것으로알고있습니다이럴경우. 1년전 종료된 집행유예 기록을회사측에서 열람할수 있나요?성범죄 이런건 아닙니다.징역4월 집행유예1년인데작년 5월에 종료되었습니다열람동의부분에 v 체크한다고입사하려는회사에서 조회를 할수있는지 궁금합니다
실내디자인학원 비전공자도 취업까지... ,실내디자인학원에 관심이 많은 비전공자예요.(__)고등학교를 졸업하고 계약직으로 근무를 하고 있어요.일을 하면서도 미래가 불확실해서 많이 불안해요.안정적인 직장을 갖고 싶어도 특별한 기술이 없네요.저희 친척 분이 인테리어디자이너인데저보고 실내디자인학원다니고 취업하라고 하는데이게 말은 쉽지 현실적으로 가능한건가요?
실업급여 조기취업,제가 실업급여를 1차까지만 받고 취업을해서 조기취업 수당을 받으려고 하는데요. 13일 입사인데 오늘 취업신고를 했어요ㅜㅜ 혹시 문제가 될까요?그리고 따로 실업급여 수급중단 신청을 해야할까요?
실업급여 구직활동 취업증명서 프린터... ,이번4차인데요 구직활동 잡코리아에서 두번 했습니다취업증명서 이거를 뽑아서가야하나요 아니면인터넷으로 발송후 방문해야하나요
30대 남자 세무사 사무실 취업 가능합니까?,세무사 시험을 막 시작한 30초 남자 입니다. 1~2년 준비 후 어느 정도 합격각이 보이면 좀 더 매진 하고 아니면 전산세무 취득 후 세무사 사무실 취업을 해서 사무장이 되는 것을 목표로 해보고자 합니다다만 제가 이 분야 경험이 없고 나이가 있어 가능 할지 궁금합니다..업계 상황을 잘 아시는 분들의 조언 주시면 감사드리겠습니다.
국가국가장학금 취업연계중점대학유형,"제가 편입학 합격발표가 이번에 나왔는데요.국가장학금 신청기간도 지났고,국가근로장학금 (1.2차 통합)신청기간은 끝난듯해서 신청표시가 없더라구요.제가 지난 학기 성적이 괜찮아서 국가근로장학금을 꼭 신청하고 싶은데요.취업연계중점대학유형만 신청가능한 표시가 뜹니다. 1.2차 통합유형은 제가 원하는곳을 선택할 수 있었는데취업연계는 학과와 연계된 곳만 제가 갈 수 있는것인지 학과 상관없이 집 근처에 원하는 곳에 선택할 수는 없는것인지 궁금합니다."
장애인 취업 꿀팁,저 장애인 인데 다른일자리 찾고있거든요혹시 장애인 취업 꿀팁 알려줄수있나요
